Datetime,Open,High,Low,Close,Adj Close,Volume
2024-10-07 04:00:00-04:00,250.9,251.68,250.39,251.65,251.65,0
2024-10-07 04:05:00-04:00,251.65,252.1,251.44,251.48,251.48,0
2024-10-07 04:10:00-04:00,251.5,251.8,251.5,251.6,251.6,0
2024-10-07 04:15:00-04:00,251.55,251.6,251.16,251.41,251.41,0
2024-10-07 04:20:00-04:00,251.35,251.41,250.88,251.22,251.22,0
2024-10-07 04:25:00-04:00,251.22,251.43,251.05,251.39,251.39,0
2024-10-07 04:30:00-04:00,251.32,251.61,251.32,251.52,251.52,0
2024-10-07 04:35:00-04:00,251.52,251.54,251.18,251.19,251.19,0
2024-10-07 04:40:00-04:00,251.19,251.28,250.95,251.28,251.28,0
2024-10-07 04:45:00-04:00,251.29,251.32,250.83,250.83,250.83,0
2024-10-07 04:50:00-04:00,250.98,251.1,250.98,251.02,251.02,0
2024-10-07 04:55:00-04:00,251.09,251.15,250.8,250.8,250.8,0
2024-10-07 05:00:00-04:00,250.75,250.75,249.94,249.94,249.94,0
2024-10-07 05:05:00-04:00,249.95,250.06,249.5,249.5,249.5,0
2024-10-07 05:10:00-04:00,249.38,249.38,248.6,248.96,248.96,0
2024-10-07 05:15:00-04:00,249.09,249.95,249.0,249.59,249.59,0
2024-10-07 05:20:00-04:00,249.51,249.51,248.96,249.08,249.08,0
2024-10-07 05:25:00-04:00,249.05,249.05,248.37,248.46,248.46,0
2024-10-07 05:30:00-04:00,248.5,249.2,248.5,249.12,249.12,0
2024-10-07 05:35:00-04:00,249.12,249.6,249.05,249.39,249.39,0
2024-10-07 05:40:00-04:00,249.4,249.5,248.62,248.92,248.92,0
2024-10-07 05:45:00-04:00,248.95,249.26,248.7,248.75,248.75,0
2024-10-07 05:50:00-04:00,248.9,249.5,248.9,249.45,249.45,0
2024-10-07 05:55:00-04:00,249.4,249.5,249.12,249.48,249.48,0
2024-10-07 06:00:00-04:00,249.42,249.5,249.2,249.5,249.5,0
2024-10-07 06:05:00-04:00,249.58,249.84,249.49,249.49,249.49,0
2024-10-07 06:10:00-04:00,249.48,249.48,248.69,248.86,248.86,0
2024-10-07 06:15:00-04:00,248.8,249.39,248.8,249.34,249.34,0
2024-10-07 06:20:00-04:00,249.34,249.34,248.8,249.05,249.05,0
2024-10-07 06:25:00-04:00,249.0,249.05,248.92,248.93,248.93,0
2024-10-07 06:30:00-04:00,248.93,249.37,248.93,249.37,249.37,0
2024-10-07 06:35:00-04:00,249.39,249.6,249.3,249.6,249.6,0
2024-10-07 06:40:00-04:00,249.63,249.69,249.4,249.64,249.64,0
2024-10-07 06:45:00-04:00,249.62,249.62,249.42,249.42,249.42,0
2024-10-07 06:50:00-04:00,249.46,249.46,249.4,249.44,249.44,0
2024-10-07 06:55:00-04:00,249.44,249.7,249.44,249.62,249.62,0
2024-10-07 07:00:00-04:00,249.63,249.7,248.92,249.24,249.24,0
2024-10-07 07:05:00-04:00,249.21,249.49,248.97,249.35,249.35,0
2024-10-07 07:10:00-04:00,249.4,249.94,249.35,249.9,249.9,0
2024-10-07 07:15:00-04:00,249.9,249.9,249.27,249.4,249.4,0
2024-10-07 07:20:00-04:00,249.39,249.44,249.14,249.23,249.23,0
2024-10-07 07:25:00-04:00,249.27,249.5,249.2,249.2,249.2,0
2024-10-07 07:30:00-04:00,249.31,249.31,248.83,248.89,248.89,0
2024-10-07 07:35:00-04:00,248.89,249.01,248.65,248.89,248.89,0
2024-10-07 07:40:00-04:00,248.87,248.87,248.63,248.65,248.65,0
2024-10-07 07:45:00-04:00,248.72,249.22,248.71,249.21,249.21,0
2024-10-07 07:50:00-04:00,249.22,249.22,249.15,249.22,249.22,0
2024-10-07 07:55:00-04:00,249.22,249.58,249.22,249.49,249.49,0
2024-10-07 08:00:00-04:00,250.605,252.74,248.46,249.72,249.72,0
2024-10-07 08:05:00-04:00,249.65,250.61,249.455,250.61,250.61,0
2024-10-07 08:10:00-04:00,250.65,251.58,250.51,251.49,251.49,0
2024-10-07 08:15:00-04:00,251.52,251.7997,250.8003,250.96,250.96,0
2024-10-07 08:20:00-04:00,251.0,251.48,250.82,250.96,250.96,0
2024-10-07 08:25:00-04:00,251.0,251.4,250.83,250.86,250.86,0
2024-10-07 08:30:00-04:00,250.91,251.28,250.55,251.28,251.28,0
2024-10-07 08:35:00-04:00,251.28,251.28,251.0134,251.2,251.2,0
2024-10-07 08:40:00-04:00,251.185,251.49,251.12,251.281,251.281,0
2024-10-07 08:45:00-04:00,251.28,251.2965,250.08,251.2,251.2,0
2024-10-07 08:50:00-04:00,251.1,251.2,250.79,250.79,250.79,0
2024-10-07 08:55:00-04:00,250.82,251.0,250.53,250.89,250.89,0
2024-10-07 09:00:00-04:00,250.87,250.87,250.26,250.42,250.42,0
2024-10-07 09:05:00-04:00,250.4183,250.87,250.4145,250.55,250.55,0
2024-10-07 09:10:00-04:00,250.55,250.56,250.24,250.425,250.425,0
2024-10-07 09:15:00-04:00,250.4,250.45,249.76,249.84,249.84,0
2024-10-07 09:20:00-04:00,249.8,250.0,249.8,249.85,249.85,0
2024-10-07 09:25:00-04:00,249.84,249.94,248.75,249.0,249.0,0
2024-10-07 09:30:00-04:00,248.80999755859375,249.08999633789062,246.00999450683594,247.16000366210938,247.16000366210938,5213650
2024-10-07 09:35:00-04:00,247.94000244140625,248.6300048828125,247.32000732421875,248.16000366210938,248.16000366210938,1981210
2024-10-07 09:40:00-04:00,248.10000610351562,248.27999877929688,246.50999450683594,246.80999755859375,246.80999755859375,1371354
2024-10-07 09:45:00-04:00,246.83999633789062,247.55999755859375,245.67999267578125,246.00999450683594,246.00999450683594,1805954
2024-10-07 09:50:00-04:00,246.0489959716797,246.3000030517578,244.86000061035156,245.0496063232422,245.0496063232422,1822895
2024-10-07 09:55:00-04:00,245.05999755859375,246.16000366210938,244.97000122070312,245.9696044921875,245.9696044921875,1311104
2024-10-07 10:00:00-04:00,245.9499969482422,246.7899932861328,245.60009765625,246.7899932861328,246.7899932861328,1151260
2024-10-07 10:05:00-04:00,246.77999877929688,246.82989501953125,245.6999969482422,246.27980041503906,246.27980041503906,975276
2024-10-07 10:10:00-04:00,246.22999572753906,247.25999450683594,245.77000427246094,247.16990661621094,247.16990661621094,1189388
2024-10-07 10:15:00-04:00,247.14500427246094,247.6199951171875,246.60330200195312,247.61000061035156,247.61000061035156,1054470
2024-10-07 10:20:00-04:00,247.61000061035156,247.8800048828125,247.25,247.31199645996094,247.31199645996094,842245
2024-10-07 10:25:00-04:00,247.30799865722656,247.33999633789062,246.2144012451172,246.5399932861328,246.5399932861328,887002
2024-10-07 10:30:00-04:00,246.5229034423828,246.63999938964844,244.75,244.9373016357422,244.9373016357422,1642195
2024-10-07 10:35:00-04:00,244.99000549316406,245.07000732421875,244.11000061035156,244.35000610351562,244.35000610351562,1801186
2024-10-07 10:40:00-04:00,244.3000030517578,244.77999877929688,243.8101043701172,244.1800994873047,244.1800994873047,1291141
2024-10-07 10:45:00-04:00,244.22000122070312,244.94000244140625,243.9199981689453,244.5467987060547,244.5467987060547,1024374
2024-10-07 10:50:00-04:00,244.48980712890625,244.80999755859375,244.0,244.7176971435547,244.7176971435547,952726
2024-10-07 10:55:00-04:00,244.77000427246094,245.1909942626953,244.0,244.11000061035156,244.11000061035156,1114616
2024-10-07 11:00:00-04:00,244.10060119628906,244.1300048828125,242.88999938964844,243.45120239257812,243.45120239257812,1688956
2024-10-07 11:05:00-04:00,243.4149932861328,243.63999938964844,242.61000061035156,242.86000061035156,242.86000061035156,1161738
2024-10-07 11:10:00-04:00,242.86000061035156,243.54859924316406,242.52000427246094,243.4470977783203,243.4470977783203,859783
2024-10-07 11:15:00-04:00,243.4490966796875,243.7899932861328,243.05999755859375,243.6699981689453,243.6699981689453,462516
2024-10-07 11:20:00-04:00,243.93499755859375,244.27000427246094,243.75,244.21600341796875,244.21600341796875,937309
2024-10-07 11:25:00-04:00,244.22000122070312,244.83999633789062,244.01390075683594,244.21499633789062,244.21499633789062,753000
2024-10-07 11:30:00-04:00,244.18780517578125,244.69000244140625,243.91000366210938,244.6649932861328,244.6649932861328,590110
2024-10-07 11:35:00-04:00,244.6094970703125,244.6898956298828,244.16000366210938,244.32000732421875,244.32000732421875,506751
2024-10-07 11:40:00-04:00,244.2761993408203,244.66799926757812,244.02999877929688,244.27569580078125,244.27569580078125,413197
2024-10-07 11:45:00-04:00,244.25999450683594,244.42999267578125,244.05059814453125,244.38999938964844,244.38999938964844,319464
2024-10-07 11:50:00-04:00,244.3800048828125,244.77000427246094,244.27999877929688,244.6999053955078,244.6999053955078,396499
2024-10-07 11:55:00-04:00,244.72999572753906,245.1300048828125,244.610107421875,244.79150390625,244.79150390625,579823
2024-10-07 12:00:00-04:00,244.78819274902344,245.27999877929688,244.51669311523438,245.0,245.0,559382
2024-10-07 12:05:00-04:00,245.11000061035156,245.39990234375,244.8800048828125,245.0,245.0,438067
2024-10-07 12:10:00-04:00,244.97999572753906,245.0,244.4499969482422,244.97000122070312,244.97000122070312,528868
2024-10-07 12:15:00-04:00,244.9499969482422,245.5500030517578,244.77000427246094,245.35389709472656,245.35389709472656,589735
2024-10-07 12:20:00-04:00,245.37820434570312,245.37820434570312,244.71009826660156,244.76010131835938,244.76010131835938,448069
2024-10-07 12:25:00-04:00,244.74009704589844,244.94000244140625,244.66009521484375,244.88999938964844,244.88999938964844,300238
2024-10-07 12:30:00-04:00,244.89999389648438,244.97349548339844,244.3000030517578,244.6295928955078,244.6295928955078,355382
2024-10-07 12:35:00-04:00,244.6199951171875,245.10000610351562,244.47999572753906,244.5,244.5,373689
2024-10-07 12:40:00-04:00,244.4801025390625,244.8800048828125,244.3800048828125,244.66000366210938,244.66000366210938,330867
2024-10-07 12:45:00-04:00,244.66000366210938,245.00999450683594,244.47000122070312,244.9949951171875,244.9949951171875,286069
2024-10-07 12:50:00-04:00,244.97000122070312,245.1999969482422,244.75999450683594,245.14999389648438,245.14999389648438,321126
2024-10-07 12:55:00-04:00,245.13720703125,245.3800048828125,245.0800018310547,245.1750030517578,245.1750030517578,325398
2024-10-07 13:00:00-04:00,245.14599609375,245.1898956298828,244.8800048828125,245.01800537109375,245.01800537109375,257010
2024-10-07 13:05:00-04:00,245.05520629882812,245.09970092773438,244.74000549316406,244.83999633789062,244.83999633789062,196547
2024-10-07 13:10:00-04:00,244.80990600585938,245.32000732421875,244.66799926757812,245.10000610351562,245.10000610351562,423218
2024-10-07 13:15:00-04:00,245.1699981689453,245.2198944091797,244.69000244140625,244.73399353027344,244.73399353027344,280575
2024-10-07 13:20:00-04:00,244.73399353027344,244.74000549316406,244.08009338378906,244.27639770507812,244.27639770507812,568251
2024-10-07 13:25:00-04:00,244.29849243164062,244.4499969482422,243.9199981689453,243.9499969482422,243.9499969482422,554953
2024-10-07 13:30:00-04:00,243.86500549316406,243.99000549316406,243.64010620117188,243.71499633789062,243.71499633789062,510019
2024-10-07 13:35:00-04:00,243.72999572753906,244.02389526367188,243.6501007080078,243.85650634765625,243.85650634765625,351856
2024-10-07 13:40:00-04:00,243.85989379882812,243.96839904785156,243.6020050048828,243.75999450683594,243.75999450683594,363281
2024-10-07 13:45:00-04:00,243.7333984375,244.2299041748047,243.69749450683594,244.10400390625,244.10400390625,332762
2024-10-07 13:50:00-04:00,244.1199951171875,244.3699951171875,243.9499969482422,244.2100067138672,244.2100067138672,421398
2024-10-07 13:55:00-04:00,244.15390014648438,244.18170166015625,243.4499969482422,243.9250030517578,243.9250030517578,567648
2024-10-07 14:00:00-04:00,243.9250030517578,244.1575927734375,243.16000366210938,243.2100067138672,243.2100067138672,516043
2024-10-07 14:05:00-04:00,243.21449279785156,243.48989868164062,243.14999389648438,243.406005859375,243.406005859375,440876
2024-10-07 14:10:00-04:00,243.42970275878906,243.7696990966797,243.3459014892578,243.69000244140625,243.69000244140625,310050
2024-10-07 14:15:00-04:00,243.67999267578125,243.83999633789062,243.49000549316406,243.73199462890625,243.73199462890625,344167
2024-10-07 14:20:00-04:00,243.72000122070312,244.0,243.60009765625,243.85000610351562,243.85000610351562,311185
2024-10-07 14:25:00-04:00,243.86000061035156,244.08999633789062,243.6699981689453,243.72120666503906,243.72120666503906,300458
2024-10-07 14:30:00-04:00,243.7100067138672,243.7169952392578,242.63999938964844,242.86000061035156,242.86000061035156,1023296
2024-10-07 14:35:00-04:00,242.80999755859375,242.8498992919922,242.19000244140625,242.47500610351562,242.47500610351562,899324
2024-10-07 14:40:00-04:00,242.4499969482422,243.0998992919922,242.4499969482422,242.5500030517578,242.5500030517578,658787
2024-10-07 14:45:00-04:00,242.58999633789062,242.66000366210938,241.3000030517578,241.54989624023438,241.54989624023438,1087549
2024-10-07 14:50:00-04:00,241.5399932861328,241.95790100097656,241.07000732421875,241.14999389648438,241.14999389648438,782516
2024-10-07 14:55:00-04:00,241.14999389648438,241.75999450683594,241.00999450683594,241.16009521484375,241.16009521484375,767905
2024-10-07 15:00:00-04:00,241.1750030517578,241.7899932861328,240.97500610351562,241.7198944091797,241.7198944091797,751992
2024-10-07 15:05:00-04:00,241.6999969482422,242.3699951171875,241.58999633789062,242.19520568847656,242.19520568847656,582228
2024-10-07 15:10:00-04:00,242.2100067138672,242.3000030517578,241.7899932861328,241.97279357910156,241.97279357910156,411561
2024-10-07 15:15:00-04:00,241.99989318847656,242.24000549316406,241.90699768066406,242.1199951171875,242.1199951171875,345155
2024-10-07 15:20:00-04:00,242.07359313964844,242.35960388183594,241.91000366210938,242.02139282226562,242.02139282226562,442920
2024-10-07 15:25:00-04:00,242.02000427246094,242.17999267578125,241.610107421875,241.74000549316406,241.74000549316406,458891
2024-10-07 15:30:00-04:00,241.77999877929688,241.91200256347656,241.13009643554688,241.35000610351562,241.35000610351562,659404
2024-10-07 15:35:00-04:00,241.35000610351562,241.63999938964844,241.0,241.47000122070312,241.47000122070312,681343
2024-10-07 15:40:00-04:00,241.47500610351562,241.5198974609375,240.77999877929688,241.04029846191406,241.04029846191406,783646
2024-10-07 15:45:00-04:00,241.02000427246094,241.25,240.82000732421875,241.08999633789062,241.08999633789062,639629
2024-10-07 15:50:00-04:00,241.0500030517578,241.9499053955078,240.9499969482422,241.74000549316406,241.74000549316406,938355
2024-10-07 15:55:00-04:00,241.72000122070312,241.77999877929688,240.72000122070312,240.83999633789062,240.83999633789062,1630446
2024-10-07 16:00:00-04:00,240.84,241.12,240.83,240.83,240.83,0
2024-10-07 16:05:00-04:00,240.98,254.22,240.685,240.715,240.715,0
2024-10-07 16:10:00-04:00,240.73,242.84,240.7,240.9,240.9,0
2024-10-07 16:15:00-04:00,240.83,240.9,240.75,240.835,240.835,0
2024-10-07 16:20:00-04:00,240.83,241.23,240.83,241.23,241.23,0
2024-10-07 16:25:00-04:00,241.22,247.835,240.83,241.25,241.25,0
2024-10-07 16:30:00-04:00,241.22,248.98,239.815,241.49,241.49,0
2024-10-07 16:35:00-04:00,241.47,241.58,240.83,241.54,241.54,0
2024-10-07 16:40:00-04:00,241.511,241.58,241.452,241.51,241.51,0
2024-10-07 16:45:00-04:00,241.52,241.67,241.47,241.64,241.64,0
2024-10-07 16:50:00-04:00,241.67,241.67,241.55,241.59,241.59,0
2024-10-07 16:55:00-04:00,241.57,241.59,241.31,241.43,241.43,0
2024-10-07 17:00:00-04:00,240.83,241.48,240.83,241.415,241.415,0
2024-10-07 17:05:00-04:00,241.46,253.487,241.31,241.4,241.4,0
2024-10-07 17:10:00-04:00,241.31,241.45,241.21,241.28,241.28,0
2024-10-07 17:15:00-04:00,241.28,248.8562,230.8066,241.33,241.33,0
2024-10-07 17:20:00-04:00,241.295,253.487,241.24,241.45,241.45,0
2024-10-07 17:25:00-04:00,241.4413,241.45,241.2525,241.41,241.41,0
2024-10-07 17:30:00-04:00,241.3027,241.45,230.8066,241.4,241.4,0
2024-10-07 17:35:00-04:00,241.36,241.45,241.35,241.415,241.415,0
2024-10-07 17:40:00-04:00,241.41,241.75,239.7933,241.65,241.65,0
2024-10-07 17:45:00-04:00,241.66,241.66,241.462,241.56,241.56,0
2024-10-07 17:50:00-04:00,241.596,241.7,241.52,241.675,241.675,0
2024-10-07 17:55:00-04:00,241.6525,241.7,241.61,241.655,241.655,0
2024-10-07 18:00:00-04:00,241.655,241.7,241.56,241.62,241.62,0
2024-10-07 18:05:00-04:00,241.62,241.7,241.54,241.6182,241.6182,0
2024-10-07 18:10:00-04:00,241.62,241.7,241.55,241.67,241.67,0
2024-10-07 18:15:00-04:00,241.67,241.7,241.6,241.68,241.68,0
2024-10-07 18:20:00-04:00,241.6999,241.7,241.52,241.52,241.52,0
2024-10-07 18:25:00-04:00,241.53,241.6,241.45,241.52,241.52,0
2024-10-07 18:30:00-04:00,241.52,241.65,241.05,241.05,241.05,0
2024-10-07 18:35:00-04:00,241.02,241.6,241.02,241.34,241.34,0
2024-10-07 18:40:00-04:00,241.35,241.5,241.1916,241.33,241.33,0
2024-10-07 18:45:00-04:00,241.33,241.33,241.02,241.2,241.2,0
2024-10-07 18:50:00-04:00,241.2,241.3,241.1,241.25,241.25,0
2024-10-07 18:55:00-04:00,241.15,241.3,240.95,241.02,241.02,0
2024-10-07 19:00:00-04:00,241.05,241.2,241.01,241.15,241.15,0
2024-10-07 19:05:00-04:00,241.2,241.35,241.07,241.32,241.32,0
2024-10-07 19:10:00-04:00,241.3,241.44,241.3,241.37,241.37,0
2024-10-07 19:15:00-04:00,241.395,241.5,241.3,241.44,241.44,0
2024-10-07 19:20:00-04:00,241.42,241.54,241.35,241.425,241.425,0
2024-10-07 19:25:00-04:00,241.426,241.5,241.304,241.38,241.38,0
2024-10-07 19:30:00-04:00,241.31,241.48,241.25,241.36,241.36,0
2024-10-07 19:35:00-04:00,241.3,241.47,241.3,241.39,241.39,0
2024-10-07 19:40:00-04:00,241.355,241.45,241.3212,241.38,241.38,0
2024-10-07 19:45:00-04:00,241.38,241.47,241.224,241.45,241.45,0
2024-10-07 19:50:00-04:00,241.4487,241.73,241.4,241.615,241.615,0
2024-10-07 19:55:00-04:00,241.59,241.7,241.51,241.6214,241.6214,0
2024-10-08 04:00:00-04:00,241.5,242.66,240.5,242.02,242.02,0
2024-10-08 04:05:00-04:00,241.91,242.5,241.8,241.86,241.86,0
2024-10-08 04:10:00-04:00,241.94,242.15,241.3,241.4,241.4,0
2024-10-08 04:15:00-04:00,241.37,241.5,241.17,241.22,241.22,0
2024-10-08 04:20:00-04:00,241.25,241.27,241.01,241.01,241.01,0
2024-10-08 04:25:00-04:00,241.08,241.19,240.91,241.06,241.06,0
2024-10-08 04:30:00-04:00,241.14,241.14,240.92,240.95,240.95,0
2024-10-08 04:35:00-04:00,240.9,241.06,240.8,241.06,241.06,0
2024-10-08 04:40:00-04:00,241.05,241.28,241.0,241.21,241.21,0
2024-10-08 04:45:00-04:00,241.29,241.49,241.24,241.44,241.44,0
2024-10-08 04:50:00-04:00,241.44,241.7,241.4,241.55,241.55,0
2024-10-08 04:55:00-04:00,241.57,242.18,241.57,242.18,242.18,0
2024-10-08 05:00:00-04:00,242.1,242.1,241.52,241.84,241.84,0
2024-10-08 05:05:00-04:00,241.85,241.85,241.65,241.66,241.66,0
2024-10-08 05:10:00-04:00,241.61,241.7,241.5,241.68,241.68,0
2024-10-08 05:15:00-04:00,241.78,242.0,241.69,241.9,241.9,0
2024-10-08 05:20:00-04:00,241.98,241.99,241.83,241.89,241.89,0
2024-10-08 05:25:00-04:00,241.89,241.94,241.76,241.76,241.76,0
2024-10-08 05:30:00-04:00,241.76,241.87,241.72,241.8,241.8,0
2024-10-08 05:35:00-04:00,241.74,241.93,241.74,241.92,241.92,0
2024-10-08 05:40:00-04:00,241.91,242.1,241.91,242.0,242.0,0
2024-10-08 05:45:00-04:00,242.01,242.01,241.88,241.92,241.92,0
2024-10-08 05:50:00-04:00,241.92,241.96,241.89,241.94,241.94,0
2024-10-08 05:55:00-04:00,241.93,241.93,241.77,241.77,241.77,0
2024-10-08 06:00:00-04:00,241.8,241.85,241.7,241.75,241.75,0
2024-10-08 06:05:00-04:00,241.79,241.87,241.79,241.85,241.85,0
2024-10-08 06:10:00-04:00,241.85,242.15,241.85,242.03,242.03,0
2024-10-08 06:15:00-04:00,242.01,242.3,242.0,242.3,242.3,0
2024-10-08 06:20:00-04:00,242.3,242.47,242.28,242.28,242.28,0
2024-10-08 06:25:00-04:00,242.3,242.42,242.24,242.42,242.42,0
2024-10-08 06:30:00-04:00,242.34,242.42,242.06,242.07,242.07,0
2024-10-08 06:35:00-04:00,242.13,242.13,242.0,242.01,242.01,0
2024-10-08 06:40:00-04:00,241.99,242.01,241.82,241.86,241.86,0
2024-10-08 06:45:00-04:00,241.87,241.97,241.57,241.84,241.84,0
2024-10-08 06:50:00-04:00,241.84,241.91,241.84,241.91,241.91,0
2024-10-08 06:55:00-04:00,241.99,242.3,241.99,242.24,242.24,0
2024-10-08 07:00:00-04:00,242.24,243.35,242.07,242.8,242.8,0
2024-10-08 07:05:00-04:00,242.96,243.1,242.9,243.04,243.04,0
2024-10-08 07:10:00-04:00,243.05,243.32,243.01,243.25,243.25,0
2024-10-08 07:15:00-04:00,243.2,243.3,243.17,243.24,243.24,0
2024-10-08 07:20:00-04:00,243.25,243.36,242.77,242.79,242.79,0
2024-10-08 07:25:00-04:00,242.82,243.11,242.71,243.02,243.02,0
2024-10-08 07:30:00-04:00,243.04,243.65,243.04,243.61,243.61,0
2024-10-08 07:35:00-04:00,243.62,243.8,243.48,243.51,243.51,0
2024-10-08 07:40:00-04:00,243.5,243.58,243.4,243.45,243.45,0
2024-10-08 07:45:00-04:00,243.52,243.99,243.48,243.98,243.98,0
2024-10-08 07:50:00-04:00,243.96,243.96,243.46,243.65,243.65,0
2024-10-08 07:55:00-04:00,243.68,243.94,243.67,243.72,243.72,0
2024-10-08 08:00:00-04:00,242.28,243.99,240.1,243.6952,243.6952,0
2024-10-08 08:05:00-04:00,243.7,243.7,240.83,243.4,243.4,0
2024-10-08 08:10:00-04:00,243.2505,243.4595,243.19,243.38,243.38,0
2024-10-08 08:15:00-04:00,243.38,243.38,243.1,243.12,243.12,0
2024-10-08 08:20:00-04:00,243.2089,243.25,243.0,243.07,243.07,0
2024-10-08 08:25:00-04:00,243.07,243.08,242.88,242.99,242.99,0
2024-10-08 08:30:00-04:00,242.97,243.1,242.86,243.05,243.05,0
2024-10-08 08:35:00-04:00,243.075,243.4,242.91,243.15,243.15,0
2024-10-08 08:40:00-04:00,243.1413,243.2,242.86,242.99,242.99,0
2024-10-08 08:45:00-04:00,242.9391,243.14,242.88,243.076,243.076,0
2024-10-08 08:50:00-04:00,243.04,243.28,243.0,243.235,243.235,0
2024-10-08 08:55:00-04:00,243.25,243.26,242.88,242.9952,242.9952,0
2024-10-08 09:00:00-04:00,242.98,248.85,241.6,242.75,242.75,0
2024-10-08 09:05:00-04:00,242.75,242.99,242.3,242.9,242.9,0
2024-10-08 09:10:00-04:00,242.8992,243.02,242.84,242.94,242.94,0
2024-10-08 09:15:00-04:00,242.91,242.95,242.62,242.82,242.82,0
2024-10-08 09:20:00-04:00,242.82,243.2,242.7,243.17,243.17,0
2024-10-08 09:25:00-04:00,243.08,243.63,242.8,243.63,243.63,0
2024-10-08 09:30:00-04:00,243.76499938964844,246.2100067138672,243.03759765625,244.2451934814453,244.2451934814453,5174790
2024-10-08 09:35:00-04:00,244.1999969482422,245.14990234375,241.66000366210938,242.02000427246094,242.02000427246094,2228643
2024-10-08 09:40:00-04:00,242.0500030517578,243.3498992919922,241.860107421875,242.26780700683594,242.26780700683594,1484674
2024-10-08 09:45:00-04:00,242.19000244140625,242.27000427246094,240.57000732421875,242.11990356445312,242.11990356445312,1911728
2024-10-08 09:50:00-04:00,242.1197052001953,243.2696990966797,241.3800048828125,243.22000122070312,243.22000122070312,1452575
2024-10-08 09:55:00-04:00,243.25,243.8300018310547,242.39999389648438,242.61000061035156,242.61000061035156,1245611
2024-10-08 10:00:00-04:00,242.6199951171875,243.4398956298828,242.2100067138672,242.6800994873047,242.6800994873047,1139393
2024-10-08 10:05:00-04:00,242.6903076171875,244.5,242.47999572753906,244.00289916992188,244.00289916992188,1374553
2024-10-08 10:10:00-04:00,243.9550018310547,244.3000030517578,243.2899932861328,244.06500244140625,244.06500244140625,771495
2024-10-08 10:15:00-04:00,244.10409545898438,244.42970275878906,243.5366973876953,244.02499389648438,244.02499389648438,750174
2024-10-08 10:20:00-04:00,243.89999389648438,244.13999938964844,242.57000732421875,242.9954071044922,242.9954071044922,908449
2024-10-08 10:25:00-04:00,242.97000122070312,244.1999969482422,242.87010192871094,244.1566925048828,244.1566925048828,759039
2024-10-08 10:30:00-04:00,244.16000366210938,244.466796875,243.77999877929688,244.466796875,244.466796875,758071
2024-10-08 10:35:00-04:00,244.45689392089844,244.45689392089844,243.7678985595703,243.87030029296875,243.87030029296875,550902
2024-10-08 10:40:00-04:00,243.91909790039062,244.99000549316406,243.61000061035156,244.9600067138672,244.9600067138672,1069817
2024-10-08 10:45:00-04:00,244.97999572753906,245.4600067138672,244.33009338378906,244.4398956298828,244.4398956298828,1031111
2024-10-08 10:50:00-04:00,244.4149932861328,244.49749755859375,243.6999969482422,243.78509521484375,243.78509521484375,711566
2024-10-08 10:55:00-04:00,243.77499389648438,243.99000549316406,243.2100067138672,243.4499969482422,243.4499969482422,808727
2024-10-08 11:00:00-04:00,243.4600067138672,243.8800048828125,243.0,243.54629516601562,243.54629516601562,751264
2024-10-08 11:05:00-04:00,243.54769897460938,243.58999633789062,243.04229736328125,243.24000549316406,243.24000549316406,446300
2024-10-08 11:10:00-04:00,243.24000549316406,243.39999389648438,242.8101043701172,242.9499969482422,242.9499969482422,569302
2024-10-08 11:15:00-04:00,242.96499633789062,243.27000427246094,242.6999969482422,243.0,243.0,1050868
2024-10-08 11:20:00-04:00,242.97970581054688,243.6999969482422,242.8800048828125,243.55990600585938,243.55990600585938,632265
2024-10-08 11:25:00-04:00,243.55960083007812,243.88999938964844,243.27999877929688,243.88999938964844,243.88999938964844,454811
2024-10-08 11:30:00-04:00,243.86599731445312,244.08990478515625,243.6999969482422,243.9447021484375,243.9447021484375,504752
2024-10-08 11:35:00-04:00,243.87030029296875,244.4199981689453,243.75819396972656,244.3406982421875,244.3406982421875,485166
2024-10-08 11:40:00-04:00,244.34869384765625,244.9427947998047,244.3000030517578,244.82969665527344,244.82969665527344,671411
2024-10-08 11:45:00-04:00,244.80580139160156,245.17999267578125,244.75999450683594,244.97999572753906,244.97999572753906,717814
2024-10-08 11:50:00-04:00,244.99000549316406,245.49000549316406,244.97999572753906,245.4893035888672,245.4893035888672,657582
2024-10-08 11:55:00-04:00,245.4897003173828,245.64999389648438,245.1800994873047,245.47999572753906,245.47999572753906,790021
2024-10-08 12:00:00-04:00,245.49000549316406,245.49200439453125,244.66009521484375,244.91000366210938,244.91000366210938,657805
2024-10-08 12:05:00-04:00,244.87359619140625,244.95989990234375,244.0500030517578,244.38999938964844,244.38999938964844,566229
2024-10-08 12:10:00-04:00,244.35000610351562,244.91000366210938,244.30999755859375,244.78720092773438,244.78720092773438,390024
2024-10-08 12:15:00-04:00,244.75,245.49000549316406,244.72999572753906,245.04750061035156,245.04750061035156,586610
2024-10-08 12:20:00-04:00,245.0601043701172,245.1999053955078,244.83999633789062,245.04010009765625,245.04010009765625,339383
2024-10-08 12:25:00-04:00,245.0399932861328,245.25,244.94000244140625,245.1699981689453,245.1699981689453,328691
2024-10-08 12:30:00-04:00,245.16000366210938,245.19000244140625,244.8300018310547,244.9149932861328,244.9149932861328,314174
2024-10-08 12:35:00-04:00,244.91000366210938,245.66000366210938,244.8966064453125,245.42999267578125,245.42999267578125,644583
2024-10-08 12:40:00-04:00,245.44000244140625,245.67999267578125,245.25999450683594,245.37010192871094,245.37010192871094,437027
2024-10-08 12:45:00-04:00,245.44000244140625,245.49000549316406,244.85000610351562,245.27499389648438,245.27499389648438,568857
2024-10-08 12:50:00-04:00,245.25,245.52000427246094,245.0500030517578,245.3699951171875,245.3699951171875,404541
2024-10-08 12:55:00-04:00,245.3800048828125,245.75,245.2144012451172,245.61050415039062,245.61050415039062,334237
2024-10-08 13:00:00-04:00,245.61000061035156,245.64549255371094,244.88999938964844,244.95010375976562,244.95010375976562,453956
2024-10-08 13:05:00-04:00,245.0,245.0666046142578,244.39999389648438,244.66329956054688,244.66329956054688,794192
2024-10-08 13:10:00-04:00,244.72000122070312,245.33990478515625,244.4499969482422,245.32000732421875,245.32000732421875,536180
2024-10-08 13:15:00-04:00,245.31500244140625,245.33999633789062,244.58999633789062,244.6999969482422,244.6999969482422,332730
2024-10-08 13:20:00-04:00,244.6999969482422,244.87989807128906,244.38999938964844,244.6750030517578,244.6750030517578,303665
2024-10-08 13:25:00-04:00,244.6300048828125,244.67999267578125,244.16000366210938,244.31300354003906,244.31300354003906,350547
2024-10-08 13:30:00-04:00,244.31500244140625,244.55999755859375,244.14999389648438,244.51499938964844,244.51499938964844,284116
2024-10-08 13:35:00-04:00,244.50999450683594,244.78990173339844,244.36000061035156,244.6300048828125,244.6300048828125,315073
2024-10-08 13:40:00-04:00,244.6199951171875,244.8000030517578,244.34010314941406,244.49009704589844,244.49009704589844,241953
2024-10-08 13:45:00-04:00,244.5030975341797,244.61000061035156,244.25,244.37010192871094,244.37010192871094,259027
2024-10-08 13:50:00-04:00,244.3699951171875,245.07989501953125,244.29800415039062,244.8800048828125,244.8800048828125,383524
2024-10-08 13:55:00-04:00,244.875,245.14990234375,244.8300018310547,245.10369873046875,245.10369873046875,287461
2024-10-08 14:00:00-04:00,245.05850219726562,245.33999633789062,244.94009399414062,245.3000030517578,245.3000030517578,339466
2024-10-08 14:05:00-04:00,245.27999877929688,245.34410095214844,245.02000427246094,245.10989379882812,245.10989379882812,216054
2024-10-08 14:10:00-04:00,245.10000610351562,245.1999969482422,244.9600067138672,245.0758056640625,245.0758056640625,207110
2024-10-08 14:15:00-04:00,245.11990356445312,245.25,244.72999572753906,244.78790283203125,244.78790283203125,266064
2024-10-08 14:20:00-04:00,244.76109313964844,244.85989379882812,244.50999450683594,244.67149353027344,244.67149353027344,316473
2024-10-08 14:25:00-04:00,244.67950439453125,244.75,244.3699951171875,244.39019775390625,244.39019775390625,261147
2024-10-08 14:30:00-04:00,244.3939971923828,244.47000122070312,244.07009887695312,244.21499633789062,244.21499633789062,394159
2024-10-08 14:35:00-04:00,244.22999572753906,244.9499053955078,244.16000366210938,244.83009338378906,244.83009338378906,515771
2024-10-08 14:40:00-04:00,244.86000061035156,245.1300048828125,244.77999877929688,245.03799438476562,245.03799438476562,368806
2024-10-08 14:45:00-04:00,245.04989624023438,245.12969970703125,244.83999633789062,244.9149932861328,244.9149932861328,256405
2024-10-08 14:50:00-04:00,244.94000244140625,245.25900268554688,244.76010131835938,245.13999938964844,245.13999938964844,366258
2024-10-08 14:55:00-04:00,245.1199951171875,245.2899932861328,245.0301055908203,245.1750030517578,245.1750030517578,474125
2024-10-08 15:00:00-04:00,245.14999389648438,245.3699951171875,244.83999633789062,245.35000610351562,245.35000610351562,390910
2024-10-08 15:05:00-04:00,245.3300018310547,245.49000549316406,244.96499633789062,244.97079467773438,244.97079467773438,373998
2024-10-08 15:10:00-04:00,244.98500061035156,245.07989501953125,244.91029357910156,245.00010681152344,245.00010681152344,286350
2024-10-08 15:15:00-04:00,245.02000427246094,245.1999969482422,244.8300018310547,245.04010009765625,245.04010009765625,336216
2024-10-08 15:20:00-04:00,245.05999755859375,245.05999755859375,244.55999755859375,244.63999938964844,244.63999938964844,342582
2024-10-08 15:25:00-04:00,244.62350463867188,244.62350463867188,244.27000427246094,244.4499969482422,244.4499969482422,407254
2024-10-08 15:30:00-04:00,244.4320068359375,245.22000122070312,244.2899932861328,245.11000061035156,245.11000061035156,539428
2024-10-08 15:35:00-04:00,245.1060028076172,245.24000549316406,244.8699951171875,244.99659729003906,244.99659729003906,368538
2024-10-08 15:40:00-04:00,245.02999877929688,245.1199951171875,244.86000061035156,244.9499969482422,244.9499969482422,384958
2024-10-08 15:45:00-04:00,244.94000244140625,245.07000732421875,244.8699951171875,244.97999572753906,244.97999572753906,339346
2024-10-08 15:50:00-04:00,244.9499969482422,245.42999267578125,244.64010620117188,245.235107421875,245.235107421875,843420
2024-10-08 15:55:00-04:00,245.07000732421875,245.1300048828125,244.38999938964844,244.5500030517578,244.5500030517578,1041867
2024-10-08 16:00:00-04:00,244.5,244.75,244.18,244.5,244.5,0
2024-10-08 16:05:00-04:00,244.26,244.7,244.14,244.2785,244.2785,0
2024-10-08 16:10:00-04:00,244.28,244.5,244.13,244.296,244.296,0
2024-10-08 16:15:00-04:00,244.5,244.5,244.16,244.23,244.23,0
2024-10-08 16:20:00-04:00,244.5,244.5,244.01,244.06,244.06,0
2024-10-08 16:25:00-04:00,244.01,244.0545,243.88,243.97,243.97,0
2024-10-08 16:30:00-04:00,243.92,243.96,243.8,243.95,243.95,0
2024-10-08 16:35:00-04:00,243.93,244.25,243.85,244.085,244.085,0
2024-10-08 16:40:00-04:00,244.085,244.5,243.98,244.07,244.07,0
2024-10-08 16:45:00-04:00,244.04,244.2,243.9,244.03,244.03,0
2024-10-08 16:50:00-04:00,244.03,244.25,244.03,244.19,244.19,0
2024-10-08 16:55:00-04:00,244.19,244.24,244.0,244.115,244.115,0
2024-10-08 17:00:00-04:00,244.18,244.5,244.12,244.19,244.19,0
2024-10-08 17:05:00-04:00,244.175,244.2,244.03,244.1455,244.1455,0
2024-10-08 17:10:00-04:00,244.06,244.19,244.06,244.19,244.19,0
2024-10-08 17:15:00-04:00,244.1511,244.19,244.06,244.174,244.174,0
2024-10-08 17:20:00-04:00,244.12,244.19,244.0922,244.1899,244.1899,0
2024-10-08 17:25:00-04:00,244.19,244.2,244.16,244.17,244.17,0
2024-10-08 17:30:00-04:00,244.175,244.19,244.16,244.17,244.17,0
2024-10-08 17:35:00-04:00,244.1699,244.2,243.928,244.03,244.03,0
2024-10-08 17:40:00-04:00,244.04,244.1,243.89,244.0984,244.0984,0
2024-10-08 17:45:00-04:00,244.1,244.1,243.92,243.98,243.98,0
2024-10-08 17:50:00-04:00,244.0,244.04,243.92,243.97,243.97,0
2024-10-08 17:55:00-04:00,243.975,244.07,243.95,244.035,244.035,0
2024-10-08 18:00:00-04:00,244.035,260.2749,243.99,244.06,244.06,0
2024-10-08 18:05:00-04:00,244.04,244.1,232.1995,244.07,244.07,0
2024-10-08 18:10:00-04:00,244.015,256.5463,243.961,244.01,244.01,0
2024-10-08 18:15:00-04:00,244.0,244.07,243.68,243.776,243.776,0
2024-10-08 18:20:00-04:00,243.74,243.9,243.67,243.8,243.8,0
2024-10-08 18:25:00-04:00,243.83,243.84,243.67,243.75,243.75,0
2024-10-08 18:30:00-04:00,243.765,243.84,243.7065,243.73,243.73,0
2024-10-08 18:35:00-04:00,243.715,243.73,243.58,243.67,243.67,0
2024-10-08 18:40:00-04:00,243.68,243.83,243.65,243.81,243.81,0
2024-10-08 18:45:00-04:00,243.79,243.83,243.65,243.745,243.745,0
2024-10-08 18:50:00-04:00,243.76,243.84,243.74,243.8,243.8,0
2024-10-08 18:55:00-04:00,243.8,244.0,243.78,243.875,243.875,0
2024-10-08 19:00:00-04:00,243.895,244.1188,243.895,244.07,244.07,0
2024-10-08 19:05:00-04:00,244.014,244.1,243.9075,243.99,243.99,0
2024-10-08 19:10:00-04:00,244.042,244.12,244.0,244.0525,244.0525,0
2024-10-08 19:15:00-04:00,244.09,244.09,243.98,243.985,243.985,0
2024-10-08 19:20:00-04:00,244.09,244.09,244.0,244.0007,244.0007,0
2024-10-08 19:25:00-04:00,244.03,244.09,243.94,244.005,244.005,0
2024-10-08 19:30:00-04:00,244.09,244.1,243.985,244.0,244.0,0
2024-10-08 19:35:00-04:00,244.0,244.05,243.93,243.995,243.995,0
2024-10-08 19:40:00-04:00,244.0,244.05,243.9,243.95,243.95,0
2024-10-08 19:45:00-04:00,243.9,243.95,243.64,243.65,243.65,0
2024-10-08 19:50:00-04:00,243.67,243.67,243.5,243.5001,243.5001,0
2024-10-08 19:55:00-04:00,243.54,243.97,243.3402,243.8553,243.8553,0
2024-10-09 04:00:00-04:00,243.87,244.64,243.75,243.9,243.9,0
2024-10-09 04:05:00-04:00,243.88,244.13,243.77,244.13,244.13,0
2024-10-09 04:10:00-04:00,244.0,244.18,243.92,244.17,244.17,0
2024-10-09 04:15:00-04:00,244.14,244.14,243.69,243.71,243.71,0
2024-10-09 04:20:00-04:00,243.65,243.65,243.01,243.14,243.14,0
2024-10-09 04:25:00-04:00,243.14,243.26,242.8,243.01,243.01,0
2024-10-09 04:30:00-04:00,243.08,243.14,242.91,243.09,243.09,0
2024-10-09 04:35:00-04:00,243.11,243.5,243.09,243.44,243.44,0
2024-10-09 04:40:00-04:00,243.35,243.45,243.14,243.35,243.35,0
2024-10-09 04:45:00-04:00,243.43,243.43,242.43,242.59,242.59,0
2024-10-09 04:50:00-04:00,242.62,242.69,242.55,242.67,242.67,0
2024-10-09 04:55:00-04:00,242.75,242.99,242.62,242.89,242.89,0
2024-10-09 05:00:00-04:00,242.84,243.02,242.83,242.87,242.87,0
2024-10-09 05:05:00-04:00,243.0,243.27,243.0,243.0,243.0,0
2024-10-09 05:10:00-04:00,242.95,243.0,242.88,242.9,242.9,0
2024-10-09 05:15:00-04:00,242.95,242.98,242.88,242.9,242.9,0
2024-10-09 05:20:00-04:00,242.89,243.14,242.66,242.75,242.75,0
2024-10-09 05:25:00-04:00,242.84,242.9,242.75,242.77,242.77,0
2024-10-09 05:30:00-04:00,242.78,243.16,242.78,243.16,243.16,0
2024-10-09 05:35:00-04:00,243.09,243.16,242.98,243.05,243.05,0
2024-10-09 05:40:00-04:00,243.0,243.06,243.0,243.06,243.06,0
2024-10-09 05:45:00-04:00,243.05,243.05,242.98,243.0,243.0,0
2024-10-09 05:50:00-04:00,243.0,243.01,242.9,242.94,242.94,0
2024-10-09 05:55:00-04:00,242.94,242.96,242.88,242.96,242.96,0
2024-10-09 06:00:00-04:00,242.96,242.96,242.85,242.85,242.85,0
2024-10-09 06:05:00-04:00,242.81,243.05,242.81,243.05,243.05,0
2024-10-09 06:10:00-04:00,243.08,243.49,243.08,243.48,243.48,0
2024-10-09 06:15:00-04:00,243.49,243.58,243.36,243.5,243.5,0
2024-10-09 06:20:00-04:00,243.4,243.48,243.4,243.47,243.47,0
2024-10-09 06:25:00-04:00,243.4,243.4,243.19,243.28,243.28,0
2024-10-09 06:30:00-04:00,243.32,243.84,243.32,243.74,243.74,0
2024-10-09 06:35:00-04:00,243.74,243.76,243.53,243.75,243.75,0
2024-10-09 06:40:00-04:00,243.75,243.99,243.7,243.89,243.89,0
2024-10-09 06:45:00-04:00,243.84,243.84,243.65,243.8,243.8,0
2024-10-09 06:50:00-04:00,243.8,243.95,243.8,243.84,243.84,0
2024-10-09 06:55:00-04:00,243.83,243.84,243.56,243.79,243.79,0
2024-10-09 07:00:00-04:00,243.87,244.21,243.87,244.15,244.15,0
2024-10-09 07:05:00-04:00,244.11,244.38,244.06,244.27,244.27,0
2024-10-09 07:10:00-04:00,244.3,244.86,244.3,244.82,244.82,0
2024-10-09 07:15:00-04:00,244.8,244.9,244.68,244.69,244.69,0
2024-10-09 07:20:00-04:00,244.7,244.8,244.55,244.55,244.55,0
2024-10-09 07:25:00-04:00,244.53,244.7,244.2,244.3,244.3,0
2024-10-09 07:30:00-04:00,244.3,244.3,244.01,244.14,244.14,0
2024-10-09 07:35:00-04:00,244.1,244.28,244.07,244.25,244.25,0
2024-10-09 07:40:00-04:00,244.26,244.43,244.24,244.39,244.39,0
2024-10-09 07:45:00-04:00,244.38,244.46,244.12,244.19,244.19,0
2024-10-09 07:50:00-04:00,244.19,244.2,243.81,243.97,243.97,0
2024-10-09 07:55:00-04:00,244.01,244.01,243.76,243.81,243.81,0
2024-10-09 08:00:00-04:00,244.11,244.93,242.43,244.01,244.01,0
2024-10-09 08:05:00-04:00,244.03,244.5,244.01,244.02,244.02,0
2024-10-09 08:10:00-04:00,244.12,255.3789,243.85,243.97,243.97,0
2024-10-09 08:15:00-04:00,243.97,244.2,243.93,244.19,244.19,0
2024-10-09 08:20:00-04:00,244.095,244.19,243.85,244.09,244.09,0
2024-10-09 08:25:00-04:00,244.0896,244.35,244.0,244.26,244.26,0
2024-10-09 08:30:00-04:00,244.3,244.3,243.91,244.02,244.02,0
2024-10-09 08:35:00-04:00,243.99,244.5,243.81,243.99,243.99,0
2024-10-09 08:40:00-04:00,243.97,243.97,243.6,243.6,243.6,0
2024-10-09 08:45:00-04:00,243.62,243.6633,243.38,243.64,243.64,0
2024-10-09 08:50:00-04:00,243.57,243.67,243.45,243.58,243.58,0
2024-10-09 08:55:00-04:00,243.57,243.6,243.4,243.535,243.535,0
2024-10-09 09:00:00-04:00,243.58,243.78,243.4,243.78,243.78,0
2024-10-09 09:05:00-04:00,243.73,243.87,243.66,243.7,243.7,0
2024-10-09 09:10:00-04:00,243.7002,243.79,243.36,243.3801,243.3801,0
2024-10-09 09:15:00-04:00,243.39,243.45,243.11,243.335,243.335,0
2024-10-09 09:20:00-04:00,243.38,243.6,243.33,243.58,243.58,0
2024-10-09 09:25:00-04:00,243.57,243.87,243.5,243.8,243.8,0
2024-10-09 09:30:00-04:00,244.19830322265625,244.1999969482422,240.16000366210938,240.17999267578125,240.17999267578125,4383984
2024-10-09 09:35:00-04:00,240.21499633789062,240.8699951171875,239.50999450683594,240.6699981689453,240.6699981689453,2536372
2024-10-09 09:40:00-04:00,240.64500427246094,242.22999572753906,240.6199951171875,242.02049255371094,242.02049255371094,1738605
2024-10-09 09:45:00-04:00,242.06190490722656,242.44000244140625,240.6699981689453,241.60000610351562,241.60000610351562,1636566
2024-10-09 09:50:00-04:00,241.5500030517578,241.97999572753906,240.7100067138672,241.22860717773438,241.22860717773438,1167198
2024-10-09 09:55:00-04:00,241.25160217285156,242.24000549316406,240.80999755859375,241.9698944091797,241.9698944091797,1049085
2024-10-09 10:00:00-04:00,241.91000366210938,243.42999267578125,241.75999450683594,243.25999450683594,243.25999450683594,1372701
2024-10-09 10:05:00-04:00,243.25999450683594,243.83999633789062,242.67010498046875,243.75399780273438,243.75399780273438,1218728
2024-10-09 10:10:00-04:00,243.76150512695312,244.53140258789062,243.57000732421875,244.41029357910156,244.41029357910156,1351842
2024-10-09 10:15:00-04:00,244.44000244140625,245.8000030517578,244.42999267578125,245.62989807128906,245.62989807128906,2277987
2024-10-09 10:20:00-04:00,245.63099670410156,245.89990234375,244.6699981689453,245.67990112304688,245.67990112304688,1394462
2024-10-09 10:25:00-04:00,245.66990661621094,246.77830505371094,245.3105926513672,246.2100067138672,246.2100067138672,1903220
2024-10-09 10:30:00-04:00,246.25999450683594,247.42999267578125,245.7899932861328,247.1999969482422,247.1999969482422,1955198
2024-10-09 10:35:00-04:00,247.2100067138672,247.22999572753906,246.1199951171875,246.58999633789062,246.58999633789062,1156101
2024-10-09 10:40:00-04:00,246.56700134277344,246.61990356445312,245.20730590820312,245.44020080566406,245.44020080566406,1179467
2024-10-09 10:45:00-04:00,245.52000427246094,245.74000549316406,245.02999877929688,245.1699981689453,245.1699981689453,877726
2024-10-09 10:50:00-04:00,245.16000366210938,245.8699951171875,245.02999877929688,245.4499969482422,245.4499969482422,866842
2024-10-09 10:55:00-04:00,245.44070434570312,246.0,244.85000610351562,245.89999389648438,245.89999389648438,953156
2024-10-09 11:00:00-04:00,245.91000366210938,246.2899932861328,244.5500030517578,244.6750030517578,244.6750030517578,1148948
2024-10-09 11:05:00-04:00,244.69000244140625,245.5540008544922,244.64999389648438,245.5540008544922,245.5540008544922,790843
2024-10-09 11:10:00-04:00,245.55999755859375,245.8000030517578,245.0399932861328,245.210693359375,245.210693359375,619072
2024-10-09 11:15:00-04:00,245.1999969482422,245.39999389648438,244.6999969482422,244.78439331054688,244.78439331054688,706079
2024-10-09 11:20:00-04:00,244.78289794921875,244.9499053955078,244.08999633789062,244.5449981689453,244.5449981689453,892432
2024-10-09 11:25:00-04:00,244.50999450683594,244.72000122070312,244.1699981689453,244.27239990234375,244.27239990234375,489076
2024-10-09 11:30:00-04:00,244.30419921875,244.60000610351562,243.69000244140625,243.9600067138672,243.9600067138672,837931
2024-10-09 11:35:00-04:00,243.97000122070312,244.49000549316406,243.77000427246094,244.17999267578125,244.17999267578125,535486
2024-10-09 11:40:00-04:00,244.1573028564453,244.9199981689453,244.11000061035156,244.4398956298828,244.4398956298828,750895
2024-10-09 11:45:00-04:00,244.4001007080078,244.60499572753906,244.14999389648438,244.1699981689453,244.1699981689453,353193
2024-10-09 11:50:00-04:00,244.17999267578125,244.77999877929688,244.14010620117188,244.52000427246094,244.52000427246094,400224
2024-10-09 11:55:00-04:00,244.55780029296875,245.05979919433594,244.38999938964844,244.7801055908203,244.7801055908203,433816
2024-10-09 12:00:00-04:00,244.80999755859375,244.80999755859375,243.7100067138672,243.95530700683594,243.95530700683594,625395
2024-10-09 12:05:00-04:00,243.9600067138672,244.05999755859375,243.4600067138672,244.0,244.0,686592
2024-10-09 12:10:00-04:00,243.97999572753906,244.17999267578125,243.4600067138672,243.59620666503906,243.59620666503906,452981
2024-10-09 12:15:00-04:00,243.60000610351562,243.66000366210938,242.8800048828125,242.9398956298828,242.9398956298828,748852
2024-10-09 12:20:00-04:00,242.88999938964844,243.83990478515625,242.8000030517578,243.75,243.75,605070
2024-10-09 12:25:00-04:00,243.73269653320312,244.69000244140625,243.66000366210938,244.6533966064453,244.6533966064453,665910
2024-10-09 12:30:00-04:00,244.6501007080078,245.13999938964844,244.63999938964844,244.75230407714844,244.75230407714844,731956
2024-10-09 12:35:00-04:00,244.74000549316406,245.3000030517578,244.52549743652344,245.0500030517578,245.0500030517578,639509
2024-10-09 12:40:00-04:00,245.05999755859375,245.39999389648438,245.0399932861328,245.3029022216797,245.3029022216797,488428
2024-10-09 12:45:00-04:00,245.2769012451172,245.44000244140625,245.02000427246094,245.2100067138672,245.2100067138672,430721
2024-10-09 12:50:00-04:00,245.23609924316406,245.36500549316406,244.52450561523438,244.6999969482422,244.6999969482422,473216
2024-10-09 12:55:00-04:00,244.66009521484375,244.947998046875,244.4499969482422,244.8350067138672,244.8350067138672,423934
2024-10-09 13:00:00-04:00,244.8800048828125,244.88999938964844,244.4320068359375,244.83009338378906,244.83009338378906,357427
2024-10-09 13:05:00-04:00,244.8300018310547,245.3000030517578,244.82620239257812,244.93499755859375,244.93499755859375,439597
2024-10-09 13:10:00-04:00,244.92019653320312,245.3300018310547,244.78070068359375,245.16329956054688,245.16329956054688,391773
2024-10-09 13:15:00-04:00,245.1999969482422,245.3699951171875,244.75,244.80990600585938,244.80990600585938,349831
2024-10-09 13:20:00-04:00,244.77000427246094,245.12989807128906,244.6699981689453,244.77200317382812,244.77200317382812,288295
2024-10-09 13:25:00-04:00,244.75,244.77999877929688,244.2899932861328,244.31039428710938,244.31039428710938,319952
2024-10-09 13:30:00-04:00,244.3000030517578,244.52999877929688,243.97000122070312,244.0,244.0,572405
2024-10-09 13:35:00-04:00,244.02000427246094,244.11000061035156,243.72000122070312,243.88519287109375,243.88519287109375,393199
2024-10-09 13:40:00-04:00,243.88999938964844,244.0198974609375,243.64999389648438,243.92449951171875,243.92449951171875,304772
2024-10-09 13:45:00-04:00,243.92999267578125,244.24000549316406,243.86000061035156,244.125,244.125,280172
2024-10-09 13:50:00-04:00,244.10009765625,244.20750427246094,243.11000061035156,243.58999633789062,243.58999633789062,583813
2024-10-09 13:55:00-04:00,243.5800018310547,243.8000030517578,243.21499633789062,243.55999755859375,243.55999755859375,732095
2024-10-09 14:00:00-04:00,243.5500030517578,243.99000549316406,243.08999633789062,243.86000061035156,243.86000061035156,575219
2024-10-09 14:05:00-04:00,243.8300018310547,243.8300018310547,243.25180053710938,243.3699951171875,243.3699951171875,295233
2024-10-09 14:10:00-04:00,243.33580017089844,243.72000122070312,243.11019897460938,243.41000366210938,243.41000366210938,390923
2024-10-09 14:15:00-04:00,243.40499877929688,243.44679260253906,242.85000610351562,243.01010131835938,243.01010131835938,505531
2024-10-09 14:20:00-04:00,243.00999450683594,243.15130615234375,242.5500946044922,242.7886962890625,242.7886962890625,593785
2024-10-09 14:25:00-04:00,242.74000549316406,243.57000732421875,242.6999969482422,243.46200561523438,243.46200561523438,619313
2024-10-09 14:30:00-04:00,243.45440673828125,243.4799041748047,241.77000427246094,241.86000061035156,241.86000061035156,1185476
2024-10-09 14:35:00-04:00,241.85000610351562,242.14999389648438,241.64999389648438,241.95010375976562,241.95010375976562,613725
2024-10-09 14:40:00-04:00,241.94000244140625,242.10000610351562,241.41009521484375,241.75,241.75,633585
2024-10-09 14:45:00-04:00,241.7657012939453,242.0,241.2801055908203,241.79600524902344,241.79600524902344,751652
2024-10-09 14:50:00-04:00,241.77000427246094,242.3000030517578,241.7554931640625,241.88999938964844,241.88999938964844,664237
2024-10-09 14:55:00-04:00,241.8699951171875,242.0500030517578,241.52000427246094,241.73480224609375,241.73480224609375,527940
2024-10-09 15:00:00-04:00,241.72000122070312,241.89999389648438,241.35000610351562,241.77499389648438,241.77499389648438,461218
2024-10-09 15:05:00-04:00,241.77000427246094,242.16990661621094,241.3000030517578,241.5,241.5,640715
2024-10-09 15:10:00-04:00,241.47000122070312,241.94000244140625,241.2700958251953,241.66799926757812,241.66799926757812,482544
2024-10-09 15:15:00-04:00,241.66009521484375,241.8511962890625,241.52999877929688,241.6999969482422,241.6999969482422,352612
2024-10-09 15:20:00-04:00,241.67999267578125,241.75,241.13009643554688,241.53689575195312,241.53689575195312,626910
2024-10-09 15:25:00-04:00,241.53250122070312,241.75,241.17999267578125,241.47999572753906,241.47999572753906,523426
2024-10-09 15:30:00-04:00,241.5500030517578,242.22000122070312,241.3300018310547,242.0,242.0,722500
2024-10-09 15:35:00-04:00,241.99000549316406,242.17999267578125,241.7801055908203,241.86000061035156,241.86000061035156,391506
2024-10-09 15:40:00-04:00,241.85000610351562,241.97999572753906,241.47999572753906,241.6199951171875,241.6199951171875,445586
2024-10-09 15:45:00-04:00,241.63999938964844,241.7698974609375,241.36000061035156,241.66000366210938,241.66000366210938,483629
2024-10-09 15:50:00-04:00,241.7100067138672,242.22000122070312,241.7100067138672,241.8800048828125,241.8800048828125,762604
2024-10-09 15:55:00-04:00,241.8800048828125,241.94000244140625,241.0,241.02999877929688,241.02999877929688,1518426
2024-10-09 16:00:00-04:00,241.05,241.105,240.97,241.01,241.01,0
2024-10-09 16:05:00-04:00,241.035,241.08,240.848,240.9,240.9,0
2024-10-09 16:10:00-04:00,240.9,241.05,240.55,240.77,240.77,0
2024-10-09 16:15:00-04:00,240.725,241.18,240.68,241.14,241.14,0
2024-10-09 16:20:00-04:00,241.12,241.48,241.07,241.31,241.31,0
2024-10-09 16:25:00-04:00,241.255,241.35,241.2,241.265,241.265,0
2024-10-09 16:30:00-04:00,241.265,245.6,241.05,241.21,241.21,0
2024-10-09 16:35:00-04:00,241.29,241.612,241.05,241.4,241.4,0
2024-10-09 16:40:00-04:00,241.33,241.55,241.28,241.42,241.42,0
2024-10-09 16:45:00-04:00,241.45,241.5,241.05,241.5,241.5,0
2024-10-09 16:50:00-04:00,241.48,241.48,241.4,241.48,241.48,0
2024-10-09 16:55:00-04:00,241.47,241.48,241.16,241.27,241.27,0
2024-10-09 17:00:00-04:00,241.21,241.34,241.05,241.27,241.27,0
2024-10-09 17:05:00-04:00,241.27,241.34,241.16,241.27,241.27,0
2024-10-09 17:10:00-04:00,241.34,241.34,241.2,241.33,241.33,0
2024-10-09 17:15:00-04:00,241.3,241.31,241.2,241.225,241.225,0
2024-10-09 17:20:00-04:00,241.24,241.35,231.9745,241.32,241.32,0
2024-10-09 17:25:00-04:00,241.34,241.45,241.25,241.425,241.425,0
2024-10-09 17:30:00-04:00,241.36,241.45,241.28,241.33,241.33,0
2024-10-09 17:35:00-04:00,241.33,241.4,241.25,241.3996,241.3996,0
2024-10-09 17:40:00-04:00,241.4,241.55,241.31,241.43,241.43,0
2024-10-09 17:45:00-04:00,241.43,241.55,241.25,241.4,241.4,0
2024-10-09 17:50:00-04:00,241.4,241.5,241.3,241.3,241.3,0
2024-10-09 17:55:00-04:00,241.25,241.4,241.06,241.39,241.39,0
2024-10-09 18:00:00-04:00,241.28,241.4,241.16,241.32,241.32,0
2024-10-09 18:05:00-04:00,241.3,241.39,241.28,241.333,241.333,0
2024-10-09 18:10:00-04:00,241.39,241.4,241.32,241.37,241.37,0
2024-10-09 18:15:00-04:00,241.4,241.4,241.33,241.35,241.35,0
2024-10-09 18:20:00-04:00,241.38,241.57,241.35,241.52,241.52,0
2024-10-09 18:25:00-04:00,241.5,241.59,241.44,241.485,241.485,0
2024-10-09 18:30:00-04:00,241.49,241.54,241.4,241.435,241.435,0
2024-10-09 18:35:00-04:00,241.46,241.5,241.4,241.4982,241.4982,0
2024-10-09 18:40:00-04:00,241.5,241.5,241.32,241.4,241.4,0
2024-10-09 18:45:00-04:00,241.375,241.45,241.35,241.38,241.38,0
2024-10-09 18:50:00-04:00,241.4,241.5,241.3601,241.4525,241.4525,0
2024-10-09 18:55:00-04:00,241.4999,241.5,241.4,241.4498,241.4498,0
2024-10-09 19:00:00-04:00,241.45,241.55,241.4,241.545,241.545,0
2024-10-09 19:05:00-04:00,241.5,241.68,241.5,241.607,241.607,0
2024-10-09 19:10:00-04:00,241.61,241.75,241.55,241.74,241.74,0
2024-10-09 19:15:00-04:00,241.7455,241.85,241.7,241.83,241.83,0
2024-10-09 19:20:00-04:00,241.84,242.0,241.7,241.885,241.885,0
2024-10-09 19:25:00-04:00,241.8355,245.43,241.8,241.8475,241.8475,0
2024-10-09 19:30:00-04:00,241.8,241.89,241.75,241.87,241.87,0
2024-10-09 19:35:00-04:00,241.88,241.89,241.62,241.76,241.76,0
2024-10-09 19:40:00-04:00,241.69,241.94,241.638,241.94,241.94,0
2024-10-09 19:45:00-04:00,241.9392,242.0,241.84,241.9,241.9,0
2024-10-09 19:50:00-04:00,241.905,241.93,241.7101,241.77,241.77,0
2024-10-09 19:55:00-04:00,241.76,241.76,241.5,241.56,241.56,0
2024-10-10 04:00:00-04:00,242.51,242.88,241.89,242.39,242.39,0
2024-10-10 04:05:00-04:00,242.42,242.86,241.91,242.56,242.56,0
2024-10-10 04:10:00-04:00,242.55,242.55,241.98,242.2,242.2,0
2024-10-10 04:15:00-04:00,242.42,242.82,242.35,242.57,242.57,0
2024-10-10 04:20:00-04:00,242.67,242.75,242.56,242.72,242.72,0
2024-10-10 04:25:00-04:00,242.75,242.82,242.74,242.79,242.79,0
2024-10-10 04:30:00-04:00,242.79,242.84,242.66,242.8,242.8,0
2024-10-10 04:35:00-04:00,242.85,242.96,242.8,242.89,242.89,0
2024-10-10 04:40:00-04:00,242.94,242.94,242.73,242.73,242.73,0
2024-10-10 04:45:00-04:00,242.72,242.72,242.62,242.66,242.66,0
2024-10-10 04:50:00-04:00,242.71,242.9,242.71,242.86,242.86,0
2024-10-10 04:55:00-04:00,242.86,242.9,242.78,242.9,242.9,0
2024-10-10 05:00:00-04:00,242.88,242.89,242.83,242.84,242.84,0
2024-10-10 05:05:00-04:00,242.77,242.82,242.69,242.79,242.79,0
2024-10-10 05:10:00-04:00,242.77,242.89,242.77,242.89,242.89,0
2024-10-10 05:15:00-04:00,242.92,243.4,242.91,243.39,243.39,0
2024-10-10 05:20:00-04:00,243.37,243.49,243.31,243.48,243.48,0
2024-10-10 05:25:00-04:00,243.46,243.8,243.4,243.77,243.77,0
2024-10-10 05:30:00-04:00,243.69,244.0,243.67,243.99,243.99,0
2024-10-10 05:35:00-04:00,244.0,244.2,243.69,243.77,243.77,0
2024-10-10 05:40:00-04:00,243.73,243.96,243.72,243.88,243.88,0
2024-10-10 05:45:00-04:00,243.88,243.89,243.73,243.78,243.78,0
2024-10-10 05:50:00-04:00,243.79,244.2,243.76,244.2,244.2,0
2024-10-10 05:55:00-04:00,244.2,244.27,244.02,244.24,244.24,0
2024-10-10 06:00:00-04:00,244.24,244.25,244.05,244.05,244.05,0
2024-10-10 06:05:00-04:00,244.05,244.09,243.89,244.03,244.03,0
2024-10-10 06:10:00-04:00,244.05,244.05,243.78,243.8,243.8,0
2024-10-10 06:15:00-04:00,243.83,244.0,243.78,244.0,244.0,0
2024-10-10 06:20:00-04:00,244.0,244.03,243.9,243.92,243.92,0
2024-10-10 06:25:00-04:00,243.91,243.91,243.74,243.75,243.75,0
2024-10-10 06:30:00-04:00,243.79,243.79,243.45,243.56,243.56,0
2024-10-10 06:35:00-04:00,243.7,243.84,243.7,243.75,243.75,0
2024-10-10 06:40:00-04:00,243.78,243.83,243.76,243.77,243.77,0
2024-10-10 06:45:00-04:00,243.76,243.76,243.5,243.69,243.69,0
2024-10-10 06:50:00-04:00,243.68,243.71,243.66,243.66,243.66,0
2024-10-10 06:55:00-04:00,243.65,243.65,243.27,243.27,243.27,0
2024-10-10 07:00:00-04:00,243.3,243.54,243.07,243.2,243.2,0
2024-10-10 07:05:00-04:00,243.2,243.689,243.1,243.6,243.6,0
2024-10-10 07:10:00-04:00,243.57,243.65,243.4,243.55,243.55,0
2024-10-10 07:15:00-04:00,243.56,243.84,243.56,243.84,243.84,0
2024-10-10 07:20:00-04:00,243.84,244.0,243.8,243.84,243.84,0
2024-10-10 07:25:00-04:00,243.83,243.97,243.8,243.93,243.93,0
2024-10-10 07:30:00-04:00,243.9,243.97,243.88,243.95,243.95,0
2024-10-10 07:35:00-04:00,243.94,244.2,243.9,244.15,244.15,0
2024-10-10 07:40:00-04:00,244.15,244.15,244.0,244.0,244.0,0
2024-10-10 07:45:00-04:00,244.0,244.05,243.81,243.81,243.81,0
2024-10-10 07:50:00-04:00,243.91,243.91,243.83,243.85,243.85,0
2024-10-10 07:55:00-04:00,243.85,243.92,243.63,243.69,243.69,0
2024-10-10 08:00:00-04:00,242.5605,244.2857,241.95,243.985,243.985,0
2024-10-10 08:05:00-04:00,243.97,244.02,241.05,243.9,243.9,0
2024-10-10 08:10:00-04:00,243.9,243.9255,243.46,243.52,243.52,0
2024-10-10 08:15:00-04:00,243.5,243.55,243.28,243.33,243.33,0
2024-10-10 08:20:00-04:00,243.34,243.4,242.98,243.005,243.005,0
2024-10-10 08:25:00-04:00,243.02,243.53,243.0,243.46,243.46,0
2024-10-10 08:30:00-04:00,243.445,243.94,241.89,242.0972,242.0972,0
2024-10-10 08:35:00-04:00,242.27,242.44,241.4,241.68,241.68,0
2024-10-10 08:40:00-04:00,241.73,242.5705,241.26,242.5,242.5,0
2024-10-10 08:45:00-04:00,242.5,242.8,242.35,242.6099,242.6099,0
2024-10-10 08:50:00-04:00,242.66,242.6988,242.2095,242.41,242.41,0
2024-10-10 08:55:00-04:00,242.49,242.643,242.2,242.45,242.45,0
2024-10-10 09:00:00-04:00,242.3179,242.99,242.2,242.98,242.98,0
2024-10-10 09:05:00-04:00,242.97,243.115,241.05,242.5,242.5,0
2024-10-10 09:10:00-04:00,242.5,242.77,242.41,242.73,242.73,0
2024-10-10 09:15:00-04:00,242.734,242.734,242.2,242.2,242.2,0
2024-10-10 09:20:00-04:00,242.2,265.73,239.89,242.24,242.24,0
2024-10-10 09:25:00-04:00,242.27,242.3,241.75,242.01,242.01,0
2024-10-10 09:30:00-04:00,241.80999755859375,242.3300018310547,239.3000030517578,240.13999938964844,240.13999938964844,5649492
2024-10-10 09:35:00-04:00,240.11000061035156,240.5,238.3800048828125,238.98399353027344,238.98399353027344,2366836
2024-10-10 09:40:00-04:00,239.02000427246094,240.05999755859375,238.65980529785156,239.73739624023438,239.73739624023438,1512489
2024-10-10 09:45:00-04:00,239.83999633789062,240.1947021484375,234.1300048828125,234.48399353027344,234.48399353027344,5312685
2024-10-10 09:50:00-04:00,234.44000244140625,235.1199951171875,232.33999633789062,232.58999633789062,232.58999633789062,4749369
2024-10-10 09:55:00-04:00,232.58999633789062,235.44000244140625,232.35009765625,234.8300018310547,234.8300018310547,3024135
2024-10-10 10:00:00-04:00,234.94000244140625,235.94000244140625,234.08009338378906,235.84829711914062,235.84829711914062,2082171
2024-10-10 10:05:00-04:00,235.88999938964844,236.39999389648438,235.25,235.9199981689453,235.9199981689453,1450647
2024-10-10 10:10:00-04:00,235.90179443359375,236.75,235.4499969482422,236.4600067138672,236.4600067138672,1346401
2024-10-10 10:15:00-04:00,236.4600067138672,237.39999389648438,236.39999389648438,237.1300048828125,237.1300048828125,1372281
2024-10-10 10:20:00-04:00,237.13499450683594,238.0,236.8000030517578,237.97000122070312,237.97000122070312,1404422
2024-10-10 10:25:00-04:00,237.9600067138672,238.8699951171875,237.75709533691406,238.41810607910156,238.41810607910156,1512488
2024-10-10 10:30:00-04:00,238.41990661621094,238.4199981689453,237.50999450683594,238.1273956298828,238.1273956298828,1304820
2024-10-10 10:35:00-04:00,238.1300048828125,238.74000549316406,236.8000030517578,238.47000122070312,238.47000122070312,1452510
2024-10-10 10:40:00-04:00,238.44000244140625,239.5135040283203,238.1300048828125,239.24749755859375,239.24749755859375,1329321
2024-10-10 10:45:00-04:00,239.2100067138672,239.35000610351562,238.63999938964844,239.04010009765625,239.04010009765625,967061
2024-10-10 10:50:00-04:00,239.0399932861328,239.50970458984375,238.02999877929688,238.6199951171875,238.6199951171875,1076624
2024-10-10 10:55:00-04:00,238.6199951171875,239.3800048828125,238.17999267578125,238.22000122070312,238.22000122070312,1081553
2024-10-10 11:00:00-04:00,238.20460510253906,238.82989501953125,237.72999572753906,238.65750122070312,238.65750122070312,939494
2024-10-10 11:05:00-04:00,238.63999938964844,239.72000122070312,238.3300018310547,239.30999755859375,239.30999755859375,1130998
2024-10-10 11:10:00-04:00,239.34500122070312,239.86990356445312,239.1699981689453,239.5998992919922,239.5998992919922,930176
2024-10-10 11:15:00-04:00,239.52259826660156,239.6761016845703,239.05999755859375,239.2064971923828,239.2064971923828,657418
2024-10-10 11:20:00-04:00,239.2100067138672,239.25169372558594,238.8000030517578,239.0341033935547,239.0341033935547,670821
2024-10-10 11:25:00-04:00,239.01499938964844,239.13999938964844,238.77000427246094,238.91250610351562,238.91250610351562,589973
2024-10-10 11:30:00-04:00,238.8699951171875,239.0500030517578,238.1999969482422,239.0299072265625,239.0299072265625,925552
2024-10-10 11:35:00-04:00,239.02000427246094,239.60000610351562,238.92999267578125,239.4799041748047,239.4799041748047,863032
2024-10-10 11:40:00-04:00,239.41000366210938,239.41000366210938,238.6999969482422,239.14810180664062,239.14810180664062,605411
2024-10-10 11:45:00-04:00,239.19000244140625,239.39999389648438,238.85000610351562,239.0050048828125,239.0050048828125,416961
2024-10-10 11:50:00-04:00,239.01499938964844,239.75990295410156,238.71270751953125,239.74899291992188,239.74899291992188,956172
2024-10-10 11:55:00-04:00,239.74659729003906,241.27000427246094,239.72610473632812,240.97000122070312,240.97000122070312,1639615
2024-10-10 12:00:00-04:00,240.9600067138672,241.2113037109375,240.7949981689453,241.1999969482422,241.1999969482422,677419
2024-10-10 12:05:00-04:00,241.17269897460938,241.64999389648438,241.0399932861328,241.3699951171875,241.3699951171875,941204
2024-10-10 12:10:00-04:00,241.43980407714844,242.1197967529297,241.41000366210938,241.7100067138672,241.7100067138672,1067843
2024-10-10 12:15:00-04:00,241.7100067138672,242.16000366210938,241.4300994873047,241.6199951171875,241.6199951171875,772208
2024-10-10 12:20:00-04:00,241.6300048828125,241.6999969482422,241.1999969482422,241.57339477539062,241.57339477539062,609596
2024-10-10 12:25:00-04:00,241.52999877929688,241.6199951171875,240.9199981689453,241.08880615234375,241.08880615234375,682523
2024-10-10 12:30:00-04:00,241.11300659179688,241.4423065185547,240.3300018310547,241.3101043701172,241.3101043701172,881383
2024-10-10 12:35:00-04:00,241.30999755859375,241.39999389648438,240.9199981689453,241.0570068359375,241.0570068359375,384223
2024-10-10 12:40:00-04:00,241.07000732421875,241.74000549316406,240.9001007080078,241.0850067138672,241.0850067138672,743376
2024-10-10 12:45:00-04:00,241.07000732421875,241.34979248046875,240.39999389648438,240.6750030517578,240.6750030517578,686978
2024-10-10 12:50:00-04:00,240.64999389648438,241.10000610351562,240.33999633789062,241.08990478515625,241.08990478515625,557777
2024-10-10 12:55:00-04:00,241.06419372558594,241.3000030517578,240.6999969482422,241.1717071533203,241.1717071533203,484814
2024-10-10 13:00:00-04:00,241.17999267578125,242.24000549316406,241.0399932861328,242.21910095214844,242.21910095214844,833491
2024-10-10 13:05:00-04:00,242.2384033203125,242.78990173339844,241.36000061035156,241.49000549316406,241.49000549316406,1134897
2024-10-10 13:10:00-04:00,241.48500061035156,241.9499969482422,241.4665985107422,241.70010375976562,241.70010375976562,459787
2024-10-10 13:15:00-04:00,241.6999969482422,241.99000549316406,241.63999938964844,241.7303009033203,241.7303009033203,330983
2024-10-10 13:20:00-04:00,241.72999572753906,242.33999633789062,241.6999969482422,242.00999450683594,242.00999450683594,546528
2024-10-10 13:25:00-04:00,242.0395050048828,242.10000610351562,241.66009521484375,241.8000030517578,241.8000030517578,363563
2024-10-10 13:30:00-04:00,241.79490661621094,242.3800048828125,241.6300048828125,242.22000122070312,242.22000122070312,537876
2024-10-10 13:35:00-04:00,242.22999572753906,242.3074951171875,241.5500030517578,241.60000610351562,241.60000610351562,507464
2024-10-10 13:40:00-04:00,241.61000061035156,242.14999389648438,241.3300018310547,242.0301055908203,242.0301055908203,626804
2024-10-10 13:45:00-04:00,242.05859375,242.0800018310547,240.85360717773438,241.07730102539062,241.07730102539062,558238
2024-10-10 13:50:00-04:00,241.05999755859375,241.0897979736328,240.10000610351562,241.0500030517578,241.0500030517578,865064
2024-10-10 13:55:00-04:00,241.07000732421875,241.5500030517578,240.92999267578125,241.4600067138672,241.4600067138672,756129
2024-10-10 14:00:00-04:00,241.48989868164062,241.48989868164062,240.5500030517578,240.60499572753906,240.60499572753906,569810
2024-10-10 14:05:00-04:00,240.5800018310547,240.91990661621094,240.41000366210938,240.66000366210938,240.66000366210938,336316
2024-10-10 14:10:00-04:00,240.67999267578125,241.1699981689453,240.52000427246094,241.10000610351562,241.10000610351562,438320
2024-10-10 14:15:00-04:00,241.08999633789062,241.30999755859375,240.92999267578125,241.19009399414062,241.19009399414062,453805
2024-10-10 14:20:00-04:00,241.2100067138672,241.4499969482422,241.0500030517578,241.14999389648438,241.14999389648438,366564
2024-10-10 14:25:00-04:00,241.1199951171875,241.34579467773438,240.90159606933594,241.23500061035156,241.23500061035156,332064
2024-10-10 14:30:00-04:00,241.18150329589844,241.62989807128906,241.0800018310547,241.5189971923828,241.5189971923828,392314
2024-10-10 14:35:00-04:00,241.51010131835938,241.6282958984375,241.25,241.5399932861328,241.5399932861328,335847
2024-10-10 14:40:00-04:00,241.52890014648438,242.1300048828125,241.33670043945312,242.0343017578125,242.0343017578125,674108
2024-10-10 14:45:00-04:00,242.02999877929688,242.42999267578125,241.82000732421875,241.99000549316406,241.99000549316406,745272
2024-10-10 14:50:00-04:00,242.0,242.27000427246094,241.7519989013672,242.1031036376953,242.1031036376953,372011
2024-10-10 14:55:00-04:00,242.1199951171875,242.22000122070312,241.88999938964844,242.0399932861328,242.0399932861328,373152
2024-10-10 15:00:00-04:00,242.02999877929688,242.02999877929688,241.4001007080078,241.58999633789062,241.58999633789062,609348
2024-10-10 15:05:00-04:00,241.5706024169922,241.64999389648438,241.22999572753906,241.43589782714844,241.43589782714844,480299
2024-10-10 15:10:00-04:00,241.414794921875,241.77000427246094,241.3699951171875,241.5500030517578,241.5500030517578,430855
2024-10-10 15:15:00-04:00,241.5695037841797,241.6699981689453,241.37350463867188,241.66000366210938,241.66000366210938,313179
2024-10-10 15:20:00-04:00,241.6199951171875,241.7277069091797,241.16000366210938,241.24249267578125,241.24249267578125,402579
2024-10-10 15:25:00-04:00,241.24000549316406,241.36900329589844,240.89999389648438,240.92999267578125,240.92999267578125,405200
2024-10-10 15:30:00-04:00,240.93499755859375,241.0500030517578,239.76010131835938,239.97860717773438,239.97860717773438,955264
2024-10-10 15:35:00-04:00,239.97999572753906,240.0399932861328,238.92999267578125,239.08999633789062,239.08999633789062,1007698
2024-10-10 15:40:00-04:00,239.07000732421875,239.2899932861328,238.25,238.5050048828125,238.5050048828125,1114921
2024-10-10 15:45:00-04:00,238.4949951171875,239.39990234375,238.4600067138672,239.21080017089844,239.21080017089844,969572
2024-10-10 15:50:00-04:00,239.10000610351562,239.27999877929688,238.6999969482422,238.82989501953125,238.82989501953125,998624
2024-10-10 15:55:00-04:00,238.77000427246094,239.19000244140625,238.52000427246094,238.74000549316406,238.74000549316406,1516017
2024-10-10 16:00:00-04:00,238.78,238.98,238.51,238.8075,238.8075,0
2024-10-10 16:05:00-04:00,238.81,239.85,238.77,239.525,239.525,0
2024-10-10 16:10:00-04:00,239.52,239.96,238.77,239.8,239.8,0
2024-10-10 16:15:00-04:00,239.78,239.8,238.77,239.64,239.64,0
2024-10-10 16:20:00-04:00,239.61,239.71,239.39,239.67,239.67,0
2024-10-10 16:25:00-04:00,239.69,239.73,239.32,239.4,239.4,0
2024-10-10 16:30:00-04:00,239.4,239.45,238.77,239.32,239.32,0
2024-10-10 16:35:00-04:00,239.28,239.31,239.06,239.06,239.06,0
2024-10-10 16:40:00-04:00,239.18,239.48,238.77,239.45,239.45,0
2024-10-10 16:45:00-04:00,239.45,239.71,239.39,239.6,239.6,0
2024-10-10 16:50:00-04:00,239.585,239.62,239.2,239.2025,239.2025,0
2024-10-10 16:55:00-04:00,239.25,239.4,239.2135,239.35,239.35,0
2024-10-10 17:00:00-04:00,239.35,239.4,239.26,239.31,239.31,0
2024-10-10 17:05:00-04:00,239.35,239.4,239.2,239.33,239.33,0
2024-10-10 17:10:00-04:00,239.29,239.38,239.12,239.12,239.12,0
2024-10-10 17:15:00-04:00,239.28,239.29,239.15,239.25,239.25,0
2024-10-10 17:20:00-04:00,239.25,239.4,232.1955,239.28,239.28,0
2024-10-10 17:25:00-04:00,239.28,239.45,232.1955,239.4,239.4,0
2024-10-10 17:30:00-04:00,239.385,250.6108,239.38,239.58,239.58,0
2024-10-10 17:35:00-04:00,239.5793,247.2111,239.46,239.6,239.6,0
2024-10-10 17:40:00-04:00,239.6,239.6,239.37,239.46,239.46,0
2024-10-10 17:45:00-04:00,239.46,239.4972,239.335,239.48,239.48,0
2024-10-10 17:50:00-04:00,239.48,239.51,239.34,239.4,239.4,0
2024-10-10 17:55:00-04:00,239.39,239.41,239.2021,239.2599,239.2599,0
2024-10-10 18:00:00-04:00,239.23,239.4,239.225,239.36,239.36,0
2024-10-10 18:05:00-04:00,239.38,239.4,239.3,239.385,239.385,0
2024-10-10 18:10:00-04:00,239.388,239.48,239.37,239.4475,239.4475,0
2024-10-10 18:15:00-04:00,239.425,239.5,239.4,239.42,239.42,0
2024-10-10 18:20:00-04:00,239.42,239.45,239.393,239.45,239.45,0
2024-10-10 18:25:00-04:00,239.44,239.48,239.4,239.4596,239.4596,0
2024-10-10 18:30:00-04:00,239.45,239.5,239.35,239.38,239.38,0
2024-10-10 18:35:00-04:00,239.41,239.41,239.3,239.39,239.39,0
2024-10-10 18:40:00-04:00,239.38,239.41,239.3,239.375,239.375,0
2024-10-10 18:45:00-04:00,239.35,239.4,239.305,239.4,239.4,0
2024-10-10 18:50:00-04:00,239.3998,239.4,239.32,239.36,239.36,0
2024-10-10 18:55:00-04:00,239.35,239.39,239.31,239.33,239.33,0
2024-10-10 19:00:00-04:00,239.3399,239.4,239.3,239.399,239.399,0
2024-10-10 19:05:00-04:00,239.4,239.47,239.35,239.44,239.44,0
2024-10-10 19:10:00-04:00,239.4497,239.65,239.43,239.65,239.65,0
2024-10-10 19:15:00-04:00,239.6,239.88,239.6,239.8,239.8,0
2024-10-10 19:20:00-04:00,239.775,239.8,239.6,239.64,239.64,0
2024-10-10 19:25:00-04:00,239.63,239.85,239.58,239.83,239.83,0
2024-10-10 19:30:00-04:00,239.8391,239.84,239.67,239.71,239.71,0
2024-10-10 19:35:00-04:00,239.7,239.75,239.69,239.75,239.75,0
2024-10-10 19:40:00-04:00,239.71,239.75,239.61,239.61,239.61,0
2024-10-10 19:45:00-04:00,239.64,239.77,239.54,239.7501,239.7501,0
2024-10-10 19:50:00-04:00,239.75,239.78,239.7,239.74,239.74,0
2024-10-10 19:55:00-04:00,239.73,239.75,239.56,239.68,239.68,0
2024-10-11 04:00:00-04:00,230.8,230.8,227.11,227.47,227.47,0
2024-10-11 04:05:00-04:00,227.39,227.71,224.75,224.97,224.97,0
2024-10-11 04:10:00-04:00,224.92,225.5,222.22,222.56,222.56,0
2024-10-11 04:15:00-04:00,222.6,225.0,222.36,224.88,224.88,0
2024-10-11 04:20:00-04:00,224.84,225.23,223.36,224.9,224.9,0
2024-10-11 04:25:00-04:00,224.9,225.88,224.73,225.44,225.44,0
2024-10-11 04:30:00-04:00,225.48,226.14,224.79,226.14,226.14,0
2024-10-11 04:35:00-04:00,226.11,226.75,226.11,226.74,226.74,0
2024-10-11 04:40:00-04:00,226.71,226.8,225.7,226.01,226.01,0
2024-10-11 04:45:00-04:00,226.0,226.3,225.7,225.75,225.75,0
2024-10-11 04:50:00-04:00,225.75,226.0,225.7,225.92,225.92,0
2024-10-11 04:55:00-04:00,225.94,226.0,224.5,224.7,224.7,0
2024-10-11 05:00:00-04:00,224.65,225.5,224.62,225.06,225.06,0
2024-10-11 05:05:00-04:00,225.08,225.31,224.66,224.66,224.66,0
2024-10-11 05:10:00-04:00,224.66,224.89,224.34,224.86,224.86,0
2024-10-11 05:15:00-04:00,224.9,225.24,224.79,225.17,225.17,0
2024-10-11 05:20:00-04:00,225.2,225.56,225.16,225.56,225.56,0
2024-10-11 05:25:00-04:00,225.57,225.63,225.25,225.6,225.6,0
2024-10-11 05:30:00-04:00,225.6,225.64,225.45,225.62,225.62,0
2024-10-11 05:35:00-04:00,225.64,226.0,225.48,225.6,225.6,0
2024-10-11 05:40:00-04:00,225.6,225.61,225.31,225.37,225.37,0
2024-10-11 05:45:00-04:00,225.37,225.5,225.27,225.3,225.3,0
2024-10-11 05:50:00-04:00,225.32,225.32,224.51,224.55,224.55,0
2024-10-11 05:55:00-04:00,224.59,224.8,224.45,224.7,224.7,0
2024-10-11 06:00:00-04:00,224.69,224.8,224.51,224.64,224.64,0
2024-10-11 06:05:00-04:00,224.7,225.31,224.7,225.0,225.0,0
2024-10-11 06:10:00-04:00,225.0,225.61,224.95,225.35,225.35,0
2024-10-11 06:15:00-04:00,225.35,225.5,224.91,224.93,224.93,0
2024-10-11 06:20:00-04:00,224.98,225.0,224.75,224.77,224.77,0
2024-10-11 06:25:00-04:00,224.87,224.89,224.75,224.78,224.78,0
2024-10-11 06:30:00-04:00,224.77,224.94,224.7,224.77,224.77,0
2024-10-11 06:35:00-04:00,224.77,224.79,224.05,224.3,224.3,0
2024-10-11 06:40:00-04:00,224.3,224.33,223.5,223.8,223.8,0
2024-10-11 06:45:00-04:00,223.84,224.1,223.75,223.95,223.95,0
2024-10-11 06:50:00-04:00,223.95,224.12,223.72,223.72,223.72,0
2024-10-11 06:55:00-04:00,223.75,223.76,223.11,223.4,223.4,0
2024-10-11 07:00:00-04:00,223.45,223.98,222.04,222.98,222.98,0
2024-10-11 07:05:00-04:00,223.0,223.62,222.67,223.05,223.05,0
2024-10-11 07:10:00-04:00,223.09,223.75,223.09,223.3,223.3,0
2024-10-11 07:15:00-04:00,223.37,223.5,223.22,223.45,223.45,0
2024-10-11 07:20:00-04:00,223.47,223.75,222.66,223.07,223.07,0
2024-10-11 07:25:00-04:00,223.11,224.0,223.06,223.87,223.87,0
2024-10-11 07:30:00-04:00,223.81,224.5,223.75,224.3,224.3,0
2024-10-11 07:35:00-04:00,224.31,224.81,224.05,224.1,224.1,0
2024-10-11 07:40:00-04:00,224.15,225.0,224.09,225.0,225.0,0
2024-10-11 07:45:00-04:00,225.0,225.0,224.48,224.75,224.75,0
2024-10-11 07:50:00-04:00,224.76,224.95,224.51,224.65,224.65,0
2024-10-11 07:55:00-04:00,224.67,224.67,224.0,224.25,224.25,0
2024-10-11 08:00:00-04:00,223.66,235.0,222.05,223.99,223.99,0
2024-10-11 08:05:00-04:00,223.99,238.77,223.86,224.56,224.56,0
2024-10-11 08:10:00-04:00,224.57,224.6,224.3,224.5,224.5,0
2024-10-11 08:15:00-04:00,224.475,224.5,224.2219,224.29,224.29,0
2024-10-11 08:20:00-04:00,224.28,224.3,223.81,224.11,224.11,0
2024-10-11 08:25:00-04:00,224.1199,238.77,223.8,224.24,224.24,0
2024-10-11 08:30:00-04:00,224.2,225.04,224.1,224.76,224.76,0
2024-10-11 08:35:00-04:00,224.76,224.8,223.66,224.1687,224.1687,0
2024-10-11 08:40:00-04:00,224.12,224.25,223.6401,223.86,223.86,0
2024-10-11 08:45:00-04:00,223.9,223.97,223.18,223.2,223.2,0
2024-10-11 08:50:00-04:00,223.22,238.77,222.33,222.65,222.65,0
2024-10-11 08:55:00-04:00,222.625,222.7,222.39,222.58,222.58,0
2024-10-11 09:00:00-04:00,222.5993,222.97,222.53,222.9481,222.9481,0
2024-10-11 09:05:00-04:00,222.95,223.48,222.86,222.97,222.97,0
2024-10-11 09:10:00-04:00,222.95,223.0,221.84,221.92,221.92,0
2024-10-11 09:15:00-04:00,221.9,222.92,221.32,221.82,221.82,0
2024-10-11 09:20:00-04:00,221.9,222.33,221.7501,222.1,222.1,0
2024-10-11 09:25:00-04:00,222.2,222.33,219.2,220.03,220.03,0
2024-10-11 09:30:00-04:00,219.3874969482422,220.33999633789062,214.39999389648438,215.5800018310547,215.5800018310547,25944689
2024-10-11 09:35:00-04:00,215.61000061035156,219.5,215.5399932861328,218.10499572753906,218.10499572753906,6763948
2024-10-11 09:40:00-04:00,218.06910705566406,219.39999389648438,217.5,218.84500122070312,218.84500122070312,4615894
2024-10-11 09:45:00-04:00,218.83999633789062,221.14999389648438,218.0,220.9550018310547,220.9550018310547,4880426
2024-10-11 09:50:00-04:00,220.88999938964844,221.08990478515625,218.6199951171875,218.8249969482422,218.8249969482422,3698872
2024-10-11 09:55:00-04:00,218.81500244140625,219.08999633789062,217.1699981689453,218.67340087890625,218.67340087890625,3876923
2024-10-11 10:00:00-04:00,218.63999938964844,218.96499633789062,217.2899932861328,218.9600067138672,218.9600067138672,2690862
2024-10-11 10:05:00-04:00,218.9499969482422,220.36000061035156,218.47999572753906,220.04969787597656,220.04969787597656,2794654
2024-10-11 10:10:00-04:00,220.0301055908203,221.25,219.83009338378906,221.1540069580078,221.1540069580078,2516224
2024-10-11 10:15:00-04:00,221.13999938964844,221.5800018310547,220.64999389648438,221.0500030517578,221.0500030517578,2557758
2024-10-11 10:20:00-04:00,221.02999877929688,221.0800018310547,220.3000030517578,220.3000030517578,220.3000030517578,1621858
2024-10-11 10:25:00-04:00,220.3007049560547,221.3699951171875,220.07000732421875,220.5157012939453,220.5157012939453,1834877
2024-10-11 10:30:00-04:00,220.52999877929688,221.89999389648438,219.9199981689453,221.77000427246094,221.77000427246094,2416108
2024-10-11 10:35:00-04:00,221.76800537109375,223.1199951171875,221.5800018310547,222.5850067138672,222.5850067138672,2958410
2024-10-11 10:40:00-04:00,222.58999633789062,223.33999633789062,222.49000549316406,222.53329467773438,222.53329467773438,2184154
2024-10-11 10:45:00-04:00,222.51600646972656,222.52999877929688,220.5500030517578,220.94009399414062,220.94009399414062,2667452
2024-10-11 10:50:00-04:00,220.9550018310547,221.4600067138672,220.6300048828125,220.9801025390625,220.9801025390625,1399518
2024-10-11 10:55:00-04:00,221.00970458984375,221.27999877929688,220.1800994873047,220.2794952392578,220.2794952392578,1466855
2024-10-11 11:00:00-04:00,220.27699279785156,220.87989807128906,220.10000610351562,220.76100158691406,220.76100158691406,1432535
2024-10-11 11:05:00-04:00,220.77000427246094,221.3000030517578,220.61000061035156,220.69009399414062,220.69009399414062,1211111
2024-10-11 11:10:00-04:00,220.7239990234375,220.8699951171875,219.16000366210938,219.5570068359375,219.5570068359375,2070760
2024-10-11 11:15:00-04:00,219.5500946044922,219.75999450683594,219.11000061035156,219.2050018310547,219.2050018310547,1174020
2024-10-11 11:20:00-04:00,219.17999267578125,219.8800048828125,219.02000427246094,219.5800018310547,219.5800018310547,1115103
2024-10-11 11:25:00-04:00,219.5800018310547,219.94000244140625,219.5399932861328,219.57000732421875,219.57000732421875,899773
2024-10-11 11:30:00-04:00,219.5800018310547,220.5800018310547,219.41000366210938,220.25999450683594,220.25999450683594,1252265
2024-10-11 11:35:00-04:00,220.25999450683594,220.568603515625,220.08999633789062,220.27000427246094,220.27000427246094,1024294
2024-10-11 11:40:00-04:00,220.25999450683594,220.3699951171875,219.41000366210938,219.5,219.5,1129735
2024-10-11 11:45:00-04:00,219.47999572753906,219.64999389648438,218.5,219.3000030517578,219.3000030517578,1702984
2024-10-11 11:50:00-04:00,219.3000030517578,220.39999389648438,219.27499389648438,219.9405059814453,219.9405059814453,1187134
2024-10-11 11:55:00-04:00,219.9499969482422,220.60000610351562,219.94000244140625,220.27999877929688,220.27999877929688,950473
2024-10-11 12:00:00-04:00,220.2987060546875,220.4199981689453,220.0500030517578,220.25999450683594,220.25999450683594,663188
2024-10-11 12:05:00-04:00,220.2689971923828,220.5399932861328,219.9691925048828,220.1999969482422,220.1999969482422,849507
2024-10-11 12:10:00-04:00,220.1999969482422,220.60000610351562,219.7100067138672,219.98500061035156,219.98500061035156,1099585
2024-10-11 12:15:00-04:00,219.97999572753906,220.2100067138672,219.52000427246094,220.14999389648438,220.14999389648438,857682
2024-10-11 12:20:00-04:00,220.13499450683594,220.74000549316406,219.89999389648438,220.4801025390625,220.4801025390625,868191
2024-10-11 12:25:00-04:00,220.52000427246094,220.94000244140625,220.4199981689453,220.55999755859375,220.55999755859375,841369
2024-10-11 12:30:00-04:00,220.55999755859375,220.55999755859375,219.9300994873047,220.0500030517578,220.0500030517578,947400
2024-10-11 12:35:00-04:00,220.0500030517578,220.16000366210938,219.8699951171875,219.88600158691406,219.88600158691406,629999
2024-10-11 12:40:00-04:00,219.88699340820312,220.05999755859375,219.73500061035156,219.9300994873047,219.9300994873047,681202
2024-10-11 12:45:00-04:00,219.9499969482422,220.22000122070312,219.8000030517578,220.0,220.0,563514
2024-10-11 12:50:00-04:00,220.0399932861328,220.58999633789062,219.88999938964844,220.22740173339844,220.22740173339844,924063
2024-10-11 12:55:00-04:00,220.2100067138672,220.58990478515625,220.1300048828125,220.35569763183594,220.35569763183594,631220
2024-10-11 13:00:00-04:00,220.35499572753906,220.4593963623047,219.64999389648438,219.88999938964844,219.88999938964844,1037585
2024-10-11 13:05:00-04:00,219.8896942138672,219.95750427246094,219.57000732421875,219.90170288085938,219.90170288085938,630350
2024-10-11 13:10:00-04:00,219.89010620117188,219.9499969482422,219.71009826660156,219.74879455566406,219.74879455566406,469434
2024-10-11 13:15:00-04:00,219.74620056152344,219.83999633789062,219.60000610351562,219.6300048828125,219.6300048828125,513004
2024-10-11 13:20:00-04:00,219.6300048828125,219.9550018310547,219.61000061035156,219.8802032470703,219.8802032470703,506630
2024-10-11 13:25:00-04:00,219.8800048828125,220.25999450683594,219.75,220.00469970703125,220.00469970703125,606664
2024-10-11 13:30:00-04:00,220.00999450683594,220.25,219.91000366210938,220.0399932861328,220.0399932861328,504081
2024-10-11 13:35:00-04:00,220.0500030517578,220.35000610351562,220.0500030517578,220.0800018310547,220.0800018310547,529141
2024-10-11 13:40:00-04:00,220.08999633789062,220.2100067138672,219.60000610351562,219.62969970703125,219.62969970703125,689708
2024-10-11 13:45:00-04:00,219.61000061035156,219.69859313964844,219.02999877929688,219.14999389648438,219.14999389648438,1005854
2024-10-11 13:50:00-04:00,219.15919494628906,219.5,219.10000610351562,219.3701934814453,219.3701934814453,614336
2024-10-11 13:55:00-04:00,219.3699951171875,219.55999755859375,219.1999969482422,219.27999877929688,219.27999877929688,550148
2024-10-11 14:00:00-04:00,219.25,219.28990173339844,218.44009399414062,218.77000427246094,218.77000427246094,1345395
2024-10-11 14:05:00-04:00,218.75010681152344,219.0500030517578,218.61000061035156,219.04930114746094,219.04930114746094,664217
2024-10-11 14:10:00-04:00,219.0428924560547,219.2899932861328,218.94000244140625,219.1649932861328,219.1649932861328,530681
2024-10-11 14:15:00-04:00,219.15939331054688,219.3699951171875,218.9199981689453,219.27999877929688,219.27999877929688,595401
2024-10-11 14:20:00-04:00,219.2667999267578,219.41000366210938,219.10000610351562,219.24000549316406,219.24000549316406,528207
2024-10-11 14:25:00-04:00,219.2252960205078,219.64999389648438,219.0800018310547,219.29989624023438,219.29989624023438,715481
2024-10-11 14:30:00-04:00,219.3000030517578,219.5699005126953,219.22000122070312,219.22000122070312,219.22000122070312,488589
2024-10-11 14:35:00-04:00,219.22500610351562,219.25990295410156,218.77000427246094,218.9250030517578,218.9250030517578,711556
2024-10-11 14:40:00-04:00,218.9199981689453,219.0800018310547,218.75999450683594,218.8800048828125,218.8800048828125,565430
2024-10-11 14:45:00-04:00,218.875,219.08999633789062,218.77099609375,218.9949951171875,218.9949951171875,508787
2024-10-11 14:50:00-04:00,218.97999572753906,219.17999267578125,218.60000610351562,219.11000061035156,219.11000061035156,825073
2024-10-11 14:55:00-04:00,219.11500549316406,219.24000549316406,218.82000732421875,218.89999389648438,218.89999389648438,496721
2024-10-11 15:00:00-04:00,218.88999938964844,219.17999267578125,218.8300018310547,219.0850067138672,219.0850067138672,615408
2024-10-11 15:05:00-04:00,219.0800018310547,219.12359619140625,218.72000122070312,218.75999450683594,218.75999450683594,778652
2024-10-11 15:10:00-04:00,218.75999450683594,218.9499969482422,218.74989318847656,218.85940551757812,218.85940551757812,497693
2024-10-11 15:15:00-04:00,218.8592987060547,219.02000427246094,218.6300048828125,218.74000549316406,218.74000549316406,774616
2024-10-11 15:20:00-04:00,218.73500061035156,219.11000061035156,218.5500030517578,219.09010314941406,219.09010314941406,753743
2024-10-11 15:25:00-04:00,219.09030151367188,219.1699981689453,218.86000061035156,218.99000549316406,218.99000549316406,550530
